candidate_id,title,doi,repository,file_count,data_file_count,readable_table_count,extensions,qualification_decision,reasons,best_readable_tables,treatment_evidence,outcome_evidence
RCTC-00079,Background data for: Patient-Tailored Levothyroxine Dosage with Pharmacokinetic/Pharmacodynamic Modeling: A Novel Approach After Total Thyroidectomy,10.18710/t5bq22,,8,6,5,.pdf:2; .txt:6,needs_manual_review_before_cleaning,treatment assignment not confirmed; outcomes not confirmed,Lab-results.txt:delimited rows=4443.0 cols=6.0 | Levothyroxine-Dosage.txt:delimited rows=607.0 cols=5.0 | Patient-demographic.txt:delimited rows=195.0 cols=6.0 | Thyrogen-Dosage.txt:delimited rows=78.0 cols=3.0,,
RCTC-00135,"Data and statistical codes for: Reliability of urological telesurgery compared to local surgery: A multicenter, randomised controlled trial",10.5061/dryad.t4b8gtjg8,,14,11,11,.csv:9; .md:2; .xlsx:2; .zip:1,qualified_for_publication_review,"Participant-level rows, likely treatment assignment, and likely outcome fields detected.",0054ec8c-afba-4633-ab07-91771571fbd6.csv:delimited rows=63.0 cols=26.0 | 10a9a5b8-3722-4388-8ce7-e2547edcbff9.csv:delimited rows=33.0 cols=27.0 | 89dd4bc9-b96d-4a6e-b389-415a67e38f08.csv:delimited rows=63.0 cols=7.0 | d36db6ac-b7ac-4238-8336-376a79915ef1.xlsx:Clinical_and_Demographic_data_o rows=30.0 cols=29.0 | dfee11db-f016-4a24-bd99-0ed99b374233.csv:delimited rows=30.0 cols=29.0 | ea403a44-1ca9-4725-895e-910aa7e7153d.csv:delimited rows=33.0 cols=92.0 | eb1ce023-ebc0-4551-a956-e1e64b318c7a.csv:delimited rows=63.0 cols=8.0 | ed24a43e-ff35-4724-99d5-1dfa86b9b066.csv:delimited rows=63.0 cols=53.0,Random numbers; Random numbers; Baseline-Urinary control; 4w-Urinary control; 6w-Urinary control; Random numbers; Reoperation intervention,(A)Anterior/Posterior descriptor; 4 week follow-up; 6 week follow-up; Baseline-Score; 4w-Score; 6w-Score; Baseline-Total Score; 4w-Total Score; 6w-Total Score; Gleason Score; Postoperative hospitalization days; Length of days in critical care; Intra and post-operative blood transfusion; Mortality; (A) Anterior/Posterior descriptor; Blood loss(ml); Postoperative Hemoglobin; Postoperative Blood creatinine; Postoperative hospitalization days; Length of days in critical care; Intra and post-operative blood transfusion; Mortality; Blood loss(ml); Gleason Score; Postoperative Hemoglobin(g/L); Surgeo
RCTC-00152,Effect of a tailored multidimensional intervention on the care burden among family caregivers of stroke survivors: A randomised controlled trial,10.5061/dryad.gf1vhhmm5,,1,1,4,.xlsx:1,needs_manual_review_before_cleaning,treatment assignment not confirmed; outcomes not confirmed,RCTC-00152.xlsx:3-MONTH rows=110.0 cols=39.0 | RCTC-00152.xlsx:6-MONTH rows=110.0 cols=39.0 | RCTC-00152.xlsx:BASELINE DATA rows=110.0 cols=68.0 | RCTC-00152.xlsx:DATA LABELS AND IDENTIFICATIONS rows=67.0 cols=3.0,,
RCTC-00158,Data from: Are statin trials in diabetes representative of real-world diabetes care: a population-based study on statin initiators in Finland,10.5061/dryad.4m94c,,2,2,2,.xlsx:2,needs_manual_review_before_cleaning,treatment assignment not confirmed; outcomes not confirmed,Graph2a_nelson_data_Ruokoniemi.xlsx:graph2a_nelson_data_Ruokoniemi rows=5000.0 cols=3.0 | Graph2b_nelson_data_Ruokoniemi.xlsx:Graph2b_nelson_data_Ruokoniemi2 rows=5000.0 cols=3.0,,
RCTC-00161,Data from: Long-term use benefits of personal frequency-modulated systems for speech in noise perception in patients with stroke with auditory processing deficits: a non-randomised controlled trial study,10.5061/dryad.3hg4k,,1,1,1,.xlsx:1,not_qualified_before_cleaning,Readable tables do not appear participant-level.,,,
RCTC-00166,Data from: Strategies for understanding and reducing the Plasmodium vivax and Plasmodium ovale hypnozoite reservoir in Papua New Guinean children: a randomised placebo-controlled trial and mathematical model,10.5061/dryad.m1n03,,13,13,13,.dta:13,needs_manual_review_before_cleaning,outcomes not confirmed,Albinama_Table1.dta:dta rows=504.0 cols=14.0 | Albinama_Table2_Po.dta:dta rows=504.0 cols=8.0 | Albinama_Table2_Pv_LM.dta:dta rows=504.0 cols=8.0 | Albinama_Table2_Pv_PCR.dta:dta rows=499.0 cols=8.0 | Albinama_Table2_Pv_clin.dta:dta rows=504.0 cols=8.0 | Albinama_Table2_Pvg.dta:dta rows=504.0 cols=8.0 | Albinama_Table3_0-3mo.dta:dta rows=504.0 cols=10.0 | Albinama_Table3_0-8mo.dta:dta rows=504.0 cols=10.0 | Albinama_Table3_4-8mo.dta:dta rows=504.0 cols=10.0 | Albinama_Table4_Pf_LM.dta:dta rows=504.0 cols=7.0 | Albinama_Table4_Pf_PCR.dta:dta rows=502.0 cols=7.0 | Albinama_Table4_Pf_clin.dta:dta rows=504.0 cols=7.0 | Albinama_Table4_Pm_PCR.dta:dta rows=504.0 cols=7.0,treat2,
RCTC-00167,Data from: Randomised controlled trial of an education and support package for stroke patients and their carers,10.5061/dryad.4ms68,,2,2,2,.xlsx:2,needs_manual_review_before_cleaning,treatment assignment not confirmed,ALL_demographics+and+baseline_RCTC00167.xlsx:Sheet1 rows=138.0 cols=37.0 | ANALYSED_RCT_Whole+group_RCTC00167.xlsx:Sheet1 rows=119.0 cols=61.0,,HADSdepress; iihadsdepress; fuhadsdepress
RCTC-00170,"Data from: Can recombinant human thrombomodulin increase survival among patients with severe septic-induced disseminated intravascular coagulation: a single-centre, open-label, randomised controlled trial",10.5061/dryad.2n6v4,,1,1,1,.xlsx:1,qualified_for_publication_review,"Participant-level rows, likely treatment assignment, and likely outcome fields detected.",coagulation_data_clean_R Open data.xlsx:coagulation_data_clean_R rows=92.0 cols=178.0,Treatment rhTM (T) Control ?; Treatment,Death =1 Alive = 0 28 day; Death = 1   Alive = 0   90 day Cencer
RCTC-00173,Data from: Cost-effectiveness of a specialist geriatric medical intervention for frail older people discharged from acute medical units: economic evaluation in a two-centre randomised controlled trial (AMIGOS),10.5061/dryad.6vh02,,1,1,6,.xlsx:1,qualified_for_publication_review,"Participant-level rows, likely treatment assignment, and likely outcome fields detected.",AMIGOS economic evaluation dataset.xlsx:clinical data rows=417.0 cols=66.0 | AMIGOS economic evaluation dataset.xlsx:inpatient and daycase rows=924.0 cols=9.0 | AMIGOS economic evaluation dataset.xlsx:intervention rows=205.0 cols=7.0 | AMIGOS economic evaluation dataset.xlsx:outpatient rows=1497.0 cols=5.0 | AMIGOS economic evaluation dataset.xlsx:primary & tertiary (Nottingham) rows=417.0 cols=7.0 | AMIGOS economic evaluation dataset.xlsx:social care rows=475.0 cols=5.0,Intervention; TREATMENT_FUNCTION_CODE,Duration.of.follow.up.phone.calls..hrs.; TYPE (new visit = ON; follow up visit = OF); pi_pres_wl (weight loss); charlson comorbidity score; pi_eq5d_pain; pi_eq5d_anx (anxiety/depression); pi_feed_b; po_eq5d_pain; po_feed_b; Dead at follow up (=1); Days in study until death
RCTC-00175,Data from: Adjunctive clindamycin for cellulitis: clinical trial comparing flucloxacillin with or without clindamycin for the treatment of limb cellulitis,10.5061/dryad.5q1j0,,1,1,4,.ods:1,needs_manual_review_before_cleaning,treatment assignment not confirmed,C4CAnonFinalDataCheck1612.ods:AnonData rows=410.0 cols=145.0 | C4CAnonFinalDataCheck1612.ods:CodeTables rows=25.0 cols=10.0 | C4CAnonFinalDataCheck1612.ods:FieldExpansion rows=142.0 cols=2.0,,"No antibiotic data is included as this was found to be of poor quality. The data was re-analysed from the data enty forms after the primary analysis. The errors mostly resulted from an inconsistency in recording the number of days, as the start point was not defined. No data on dosing was uploaded as this was inconsistently recorded and very variable. No data on route was consistently available.; Pain; BLPainScore; BLHealthTodayScore; BLEuroqolPain; tblFollowUpDay5_UpperAffectedArea; tblFollowUpDay5_LowerAffectedArea; D5PainScore; tblFollowUpDay10_UpperAffectedArea; tblFollowUpDay10_LowerAffec"
RCTC-00180,Data from: Economic evaluation of a general hospital unit for older people with delirium and dementia (TEAM randomised controlled trial),10.5061/dryad.90p17,,2,1,7,.pdf:1; .xlsx:1,qualified_for_publication_review,"Participant-level rows, likely treatment assignment, and likely outcome fields detected.",TEAM economic evaluation dataset.xlsx:clinical data rows=599.0 cols=195.0 | TEAM economic evaluation dataset.xlsx:inpatient and daycase rows=3122.0 cols=9.0 | TEAM economic evaluation dataset.xlsx:intervention rows=599.0 cols=3.0 | TEAM economic evaluation dataset.xlsx:outpatient rows=4908.0 cols=4.0 | TEAM economic evaluation dataset.xlsx:outpatient baseline rows=599.0 cols=2.0 | TEAM economic evaluation dataset.xlsx:primary and tertiary care rows=599.0 cols=12.0 | TEAM economic evaluation dataset.xlsx:social care rows=1175.0 cols=5.0,TREATMENT_FUNCTION_CODE,baseline cost (0=baseline; 1=follow-up); length of stay at MMHU; pi_eq5d_pain; pi_eq5d_pain_p; pi_feed_b; pi_npi_depress_s; pi_npi_depress_f; type (first visit=0; follow-up visit=1)
RCTC-00181,"Data from: Perioperative medication management: expanding the role of the preadmission clinic pharmacist in a single centre, randomised controlled trial of collaborative prescribing",10.5061/dryad.81tr1,,1,1,5,.xls:1,needs_manual_review_before_cleaning,treatment assignment not confirmed,PAC+dataset.xls:Communication errors rows=1938.0 cols=17.0 | PAC+dataset.xls:Omissions rows=2763.0 cols=11.0 | PAC+dataset.xls:Patient demographics for omiss rows=366.0 cols=9.0 | PAC+dataset.xls:communincation errors by rx rows=45.0 cols=5.0 | PAC+dataset.xls:omissions by rx rows=55.0 cols=5.0,,prescribedcode; prescribed correctly; prescriber; prescriber; no of reg+prn meds to be prescribed; prescribesigned; prescribeclear
RCTC-00888,Data from: A 12-week exercise program for pregnant women with obesity to improve physical activity levels: an open randomised preliminary study,10.5061/dryad.87f03,,1,1,1,.xlsx:1,needs_manual_review_before_cleaning,treatment assignment not confirmed; outcomes not confirmed,Dryad_data.xlsx:Feuil1 rows=50.0 cols=63.0,,
RCTC-00890,Data from: Third wave cognitive therapy versus mentalization-based treatment for major depressive disorder: a randomised clinical trial,10.5061/dryad.2d7h5,,1,1,1,:1,needs_manual_review_before_cleaning,outcomes not confirmed,RCRC-00890:stata rows=45.0 cols=34.0,Intervention,
RCTC-00893,Data from: A randomised trial comparing the clinical effectiveness of different emergency department healthcare professionals in soft tissue injury management,10.5061/dryad.8jf11,,4,4,3,.sav:2; .txt:2,needs_manual_review_before_cleaning,outcomes not confirmed,Final results SSPS.sav:sav rows=471.0 cols=102.0 | README_for_Final results SSPS.txt:delimited rows=103.0 cols=3.0 | SF6D results SSPS.sav:sav rows=655.0 cols=25.0,Randomisation,
RCTC-00896,Data from: Multilayered and digitally structured presentation formats of trustworthy recommendations: a combined survey and randomised trial,10.5061/dryad.2qv30,,5,1,2,.xlsx:1; .zip:4,needs_manual_review_before_cleaning,treatment assignment not confirmed,Click-IT 1 Summary of results- final version submitted to BMJ Open March 2016.xlsx:Ark 1 rows=585.0 cols=61.0,,Spain (- nurses); Total only Nurses (spain); Percent only Nurses (spain); Total minus Nurses (spain); Percent minus Nurses (spain)
RCTC-01313,Randomized trial of AKI alerts in hospitalized patients,10.5061/dryad.4f4qrfj95,,2,2,2,.csv:2,qualified_for_publication_review,"Participant-level rows, likely treatment assignment, and likely outcome fields detected.",ELAIA-1_data_dictionary_10-6-2020 (1).csv:delimited rows=92.0 cols=2.0 | ELAIA-1_deidentified_data_10-6-2020 (1).csv:delimited rows=5000.0 cols=92.0,alert; duration_of_alert; los_since_alert; other_alert_burden,Description; acearbreninpost24; aminopost24; any_diureticpost24; composite_outcome; contrastirpost24; death14; diastolic_post_24_min; elx_score; fluid_boluspost24; ivpost24; loopdiureticpost24; los_since_alert; lrivpost24; nsaidpost24; nsivpost24; resp_post_24_max; scrpost28; spo2_post_24_min; spo2_post_48_min; systolic_post_24_min
RCTC-01363,A comparative study between Vitamin K1 and K2 on vascular calcification in hemodialysis patients: a randomized controlled trial,10.5061/dryad.vx0k6djsv,,2,1,1,.docx:1; .xlsx:1,needs_manual_review_before_cleaning,treatment assignment not confirmed,Raw_data.xlsx:ورقة1 rows=120.0 cols=21.0,,Ca+ Post; PH Post; CA X P Product Post; MGP Post
RCTC-01383,Data from: Intravenous ferumoxytol versus oral ferrous sulfate for iron deficiency anemia in pregnancy: A randomized controlled trial,10.5061/dryad.k3j9kd5qd,,2,1,1,.csv:1; .md:1,needs_manual_review_before_cleaning,treatment assignment not confirmed,5731a26f-520f-41fc-87cd-9aef4af27dc9.csv:delimited rows=80.0 cols=10.0,,screening_hgb
RCTC-01810,Data from: Reducing work-related screen-time in healthcare workers during leisure time (REDUCE SCREEN) – A randomized controlled trial,10.5061/dryad.ghx3ffbz4,,2,1,4,.md:1; .xlsx:1,not_qualified_before_cleaning,Readable tables do not appear participant-level.,,Control; Intervention,Baseline screen time (hours); Change in screen time (hours)
RCTC-01873,"Impact of an integrated intervention package during preconception, pregnancy, and early childhood on inflammation, IGF-1, IGFBP3 during the first 6 months of life: Findings from the WINGS randomized controlled trial",10.5061/dryad.6t1g1jxbs,,2,1,2,.md:1; .xlsx:1,needs_manual_review_before_cleaning,treatment assignment not confirmed; outcomes not confirmed,dataset_inflammatorymarkermanuscript_28.11.25.xlsx:Sheet1 rows=381.0 cols=22.0 | dataset_inflammatorymarkermanuscript_28.11.25.xlsx:Sheet2 rows=35.0 cols=2.0,,
RCTC-01888,Dataset on the effectiveness of cognitive training using the abacus-based mental calculation training application,10.5061/dryad.1ns1rn8zx,,4,3,3,.md:1; .xlsx:3,needs_manual_review_before_cleaning,treatment assignment not confirmed,CogEvo.xlsx:Sheet rows=20.0 cols=45.0 | MoCAJ.xlsx:Sheet1 rows=20.0 cols=34.0 | characteristics.xlsx:Sheet rows=20.0 cols=13.0,,Follow the order; Follow the order②; Follow the order③; Follow the order④; Follow the order⑤; Follow the order⑥; Follow the order⑦; depression
RCTC-01889,A feasibility randomized controlled superiority trial of fluticasone-vilanterol once daily use for the treatment of mild asthma in adults,10.5061/dryad.bnzs7h4gq,,2,2,1,.sav:1; .txt:1,not_qualified_before_cleaning,Readable tables do not appear participant-level.,,preControlscore; postcontrolscore,preControlscore; postcontrolscore; posttotalscoreQoL; postMeanQoLscore; premeanqolscore; Symptoms; POSTactivitymean; POSTenvironsum; POSTsymmean; POSTemotionalmean
RCTC-01926,Data from: Patterned frequency-modulated oral stimulation in preterm infants: a multicenter randomized controlled trial,10.5061/dryad.rg57q6m,,2,1,1,.csv:1; .docx:1,qualified_for_publication_review,"Participant-level rows, likely treatment assignment, and likely outcome fields detected.",Song_ntrainerdeidentified_datadryad_2.13.19.csv:delimited rows=210.0 cols=46.0,Intervention Group; PMAfirstintervention; interventionnumber; interventionscompleted; percentinterventionscompleted,Reached Primary Outcome; death; Censoredlos; los
RCTC-01934,"Data from: First-in-human randomized controlled trial of an oral, replicating Adenovirus 26 vector vaccine for HIV-1",10.5061/dryad.697r480,,1,1,3,.xlsx:1,needs_manual_review_before_cleaning,treatment assignment not confirmed; outcomes not confirmed,Stephenson_PLOS ONE_R001.xlsx:Figure 3 - Vaccine Safety rows=63.0 cols=5.0 | Stephenson_PLOS ONE_R001.xlsx:Figure 4 - Immune Responses rows=29.0 cols=12.0 | Stephenson_PLOS ONE_R001.xlsx:Figure 5 - Viral Shedding rows=80.0 cols=7.0,,
RCTC-01937,Data from: A randomised controlled pilot study of standardised counselling and cost-free pharmacotherapy for smoking cessation among stroke and TIA patients,10.5061/dryad.p67jf576,,1,1,1,.sav:1,needs_manual_review_before_cleaning,treatment assignment not confirmed; outcomes not confirmed,QuitPilot_Participants sp.sav:sav rows=28.0 cols=99.0,,
RCTC-01941,Data from: Small volume plasma exchange for Guillain-Barré syndrome in resource-limited settings: a phase II safety and feasibility study,10.5061/dryad.55nb389,,2,2,2,.xls:2,qualified_for_publication_review,"Participant-level rows, likely treatment assignment, and likely outcome fields detected.",Non+SVPE+datafile-RCTC-01941.xls:Sheet1 rows=29.0 cols=40.0 | SVPE+datafile+for+data+repository-RCTC-01941.xls:Sheet1 rows=21.0 cols=98.0,Treat_Hypo; Measures taken to treat / prevent the hypersensitivity to Fresh Frozen Plasma (FFP),Follow up WBC count/cc of blood; Neutrophil% in follow up blood sample ; Lymphocyte% in follow up blood sample ; Follow up haemoglobin within 10 days of the study entry; MRC (Medical Research Council) sumscore] at Nadir; GBS disability score at entry; GBS disability score at 2 Weeks; GBS disability score at 1 Month; GBS disability score at 2 Month; GBS disability score at 3 Month; GBS disability score at 6 Month; MRC sumscore at entry; MRC sumscore at 2 weeks; MRC sumscore at 1 month; MRC sumscore at 2 month; MRC sumscore at 3 month; MRC sumscore at 6 month; Overall Neuropathy Limitations Scal
RCTC-01948,Data from: Early sitting in ischemic stroke patients (SEVEL): a randomized controlled trial,10.5061/dryad.jh15q,,7,7,8,.xls:7,needs_manual_review_before_cleaning,treatment assignment not confirmed,README_for_TABLE_3_OUTCOME_database resubmit.xls:TABLE_3_OUTCOME rows=139.0 cols=10.0 | README_for_TABLE_4_MEDICAL_COMPLICATIONS database resubmit.xls:TABLE_4_MEDICAL_COMPLICATION rows=140.0 cols=16.0 | Subsequently excluded patients.xls:Emilie_PatientsExclus rows=29.0 cols=4.0 | TABLE_1_DESCRIPTION_Database resubmit.xls:TABLE_1_DESCRIPTION rows=139.0 cols=30.0 | TABLE_2_TOLERANCE database.xls:TABLE_2_TOLERANCE rows=139.0 cols=19.0 | TABLE_3_OUTCOME_database resubmit.xls:TABLE_3_OUTCOME rows=139.0 cols=10.0 | TABLE_4_MEDICAL_COMPLICATIONS database resubmit.xls:TABLE_4_MEDICAL_COMPLICATION rows=140.0 cols=16.0,,Day 7 Rankin score; M3 Rankin score; Pre-admission Rankin score; Admission Rankin score;  Etiology: Subgroup Carotid symptomatic stenosis >50 %; Etiology: Subgroup Symptomatic intra cranial stenosis; Symptomatic hypotension 
RCTC-05141,The effect of sertraline on depression and associations with persistent depression in survivors of HIV-related cryptococcal meningitis,10.5061/dryad.n5tb2rbtr,,2,1,2,.docx:1; .xlsx:1,needs_manual_review_before_cleaning,treatment assignment not confirmed,Combined_CM_Depression_Database.xlsx:Depression rows=883.0 cols=33.0,,t2death; death
RCTC-05210,Data from: Use of the lung flute ECO to assist in sputum collection for tuberculosis testing: a randomized crossover trial,10.5061/dryad.b8gtht7m7,,3,2,2,.csv:2; .md:1,needs_manual_review_before_cleaning,treatment assignment not confirmed,Data_Dictionary_Lung_Flute_ECO_Ph1b.csv:delimited rows=121.0 cols=6.0 | Data_Lung_Flute_ECO_Ph1b.csv:delimited rows=1364.0 cols=121.0,,Description; weight_loss; pain1; gpain1; pain1_v2; gpain_v2; pain1_2; gpain1_2; pain1_v2_2; gpain_v2_2; screen_failure2
RCTC-05223,Ivermectin in combination with doxycycline for treating COVID-19 symptoms: a randomized trial,10.5061/dryad.qjq2bvqf6,,1,1,1,.xlsx:1,needs_manual_review_before_cleaning,treatment assignment not confirmed,RCRC-05223.xlsx:Sheet1 rows=50.0 cols=51.0,,EES_Depress1; EES_Depress2; SF_Pain1; SF_HealthChange1; SF_Pain2; SF_HealthChange2; WeightLoss
RCTC-05226,"Randomized control trial of SMS for postpartum behaviors and family planning in Kiambu County, Kenya",10.5061/dryad.866t1g1nw,,1,1,2,.xls:1,qualified_for_publication_review,"Participant-level rows, likely treatment assignment, and likely outcome fields detected.",RCTC-05226.xls:Dataset  rows=511.0 cols=241.0 | RCTC-05226.xls:Labels rows=246.0 cols=2.0,seek_treatment; treatment_locale2; treatment_locale2_1; treatment_locale2_2; treatment_locale2_3; treatment_locale2_4; treatment_locale2_5; treatment_locale2_5.1; treatment_locale2_6; treatment_locale2_7; treatment_locale2_8; treatment_locale2_9; treatment_locale2_10; treatment_locale2_11; treatment_locale2__88; treatment_locale2__99; why_no_treatment2; why_no_treatment2_1; why_no_treatment2_2; why_no_treatment2_3,q3_death_cause; baby_symptoms; baby_symptoms_shown; baby_symptoms_shown_1; baby_symptoms_shown_2; baby_symptoms_shown_3; baby_symptoms_shown_4; baby_symptoms_shown_5; baby_symptoms_shown_6; baby_symptoms_shown_7; baby_symptoms_shown_8; baby_symptoms_shown__99; symptoms_other; days_after_symptoms2; q15_breastfeeding
RCTC-05235,Data from: Home-based TB contact investigation in Uganda: a household-randomized trial,10.5061/dryad.kn4gv14,,1,1,1,.csv:1,qualified_for_publication_review,"Participant-level rows, likely treatment assignment, and likely outcome fields detected.",mHealth Trial Data.csv:delimited rows=919.0 cols=22.0,Randomization Allocation; Randomization Allocation.1,"Was the contact considered at risk for TB (under age 5, PLHIV and/or TB symptoms present)?Ê; Was the contact considered at risk for TB (under age 5, PLHIV and/or TB symptoms present)?Ê.1"
RCTC-05250,Data from: Ambulatory versus inpatient management of severe nausea and vomiting of pregnancy: a randomized control trial with patient preference arm,10.5061/dryad.c3g48,,1,1,1,.xlsx:1,needs_manual_review_before_cleaning,treatment assignment not confirmed,HIP data NMJ et al Dryad .xlsx:All data  rows=152.0 cols=84.0,,7 days post discharge; Reattendance/Readmission
