candidate_id,final_qualification,is_qualified_for_cleaning_queue,title,repository,dataset_doi,publication_doi,url,download_status_summary,automated_decision,downloaded_file_count,download_failed_count,readable_table_count,license_status_from_screen,final_reason,key_tables,treatment_evidence,outcome_evidence,next_action,manual_inspection_note
RCTC-00079,not_qualified_before_cleaning,no,Background data for: Patient-Tailored Levothyroxine Dosage with Pharmacokinetic/Pharmacodynamic Modeling: A Novel Approach After Total Thyroidectomy,DataverseNO,10.18710/t5bq22,10.1089/thy.2021.0125,https://dataverse.no/citation?persistentId=doi:10.18710/T5BQ22,no data file downloaded,not_qualified_before_cleaning,0,0,0,pass,DataverseNO API returned 403 during official access attempt.,,,,Do not add to active cleaning queue unless the stated blocker is resolved.,
RCTC-03215,not_qualified_before_cleaning,no,Additional file 1: Table S1. of Effect of prenatal DHA supplementation on the infant epigenome: results from a randomized controlled trial,Figshare,10.6084/m9.figshare.c.3619169_d2.v1,10.1186/s13148-016-0281-7,https://springernature.figshare.com/articles/dataset/Additional_file_1_Table_S1_of_Effect_of_prenatal_DHA_supplementation_on_the_infant_epigenome_results_from_a_randomized_controlled_trial/4388267/1,downloaded 1 file(s); 8 readable table(s),qualified_for_cleaning,1,0,8,pass,"Downloaded workbook is aggregate epigenome/DMR supplementary tables, not participant-level randomized trial data.",13148_2016_281_MOESM1_ESM.xlsx:S1 Global methylation 450K rows>=13 cols=7 | 13148_2016_281_MOESM1_ESM.xlsx:S2 VMRs rows>=1000 cols=8 | 13148_2016_281_MOESM1_ESM.xlsx:S3 Newborn DMRs adj cell type rows>=24 cols=7 | 13148_2016_281_MOESM1_ESM.xlsx:S4 Newborn Male DMRs rows>=129 cols=8 | 13148_2016_281_MOESM1_ESM.xlsx:S5 Newborn Female DMRs rows>=74 cols=8 | 13148_2016_281_MOESM1_ESM.xlsx:S6 5 yr DMRs rows>=12 cols=9,Table S3 DMRs between the DHA-supplemented and control group at birth with adjustment for cell mixture  | Table S4 DMRs between the DHA-supplemented and control group at birth in males | Table S5 DMRs between the DHA-supplemented and control group at birth in females | Table S6 DMRs between the DHA-supplemented and control group at age 5 years,Table S2 Variable Methylated Regions (VMRs) at birth | Table S3 DMRs between the DHA-supplemented and control group at birth with adjustment for cell mixture  | Table S4 DMRs between the DHA-supplemented and control group at birth in males | Table S5 DMRs between the DHA-supplemented and control group at birth in females,Do not add to active cleaning queue unless the stated blocker is resolved.,
RCTC-03207,qualified_for_cleaning,yes,Additional file 1: of Comparison of hemodynamic response to tracheal intubation and postoperative pain in patients undergoing closed reduction of nasal bone fracture under general anesthesia: a randomized controlled trial comparing fentanyl and oxycodone,Figshare,10.6084/m9.figshare.c.3613661_d1.v1,10.1186/s12871-016-0279-x,https://springernature.figshare.com/articles/dataset/Additional_file_1_of_Comparison_of_hemodynamic_response_to_tracheal_intubation_and_postoperative_pain_in_patients_undergoing_closed_reduction_of_nasal_bone_fracture_under_general_anesthesia_a_randomized_controlled_trial_comparing_fentanyl_and_oxycodone/4370921/1,downloaded 1 file(s); 5 readable table(s),qualified_for_cleaning,1,0,5,pass,"Participant-level anesthesia RCT workbook; arm in Group column (F/O), baseline characteristics and postoperative/hemodynamic outcomes present.",12871_2016_279_MOESM1_ESM.xlsx:base rows>=67 cols=13 | 12871_2016_279_MOESM1_ESM.xlsx:BP&HR rows>=69 cols=29 | 12871_2016_279_MOESM1_ESM.xlsx:Hemodynamic changes rows>=68 cols=13 | 12871_2016_279_MOESM1_ESM.xlsx:complications rows>=76 cols=10,Group | Group | Group,Weight; BMI | Post 1; Post 2; Post 3; Post 4; Post 5; Delta MBP/Pre induction; Post induction HR; Delta HR | Delta MBP>40%; Delta HR>20% | Pain(VAS),Read primary publication and map primary outcome/covariates before cleaning.,
RCTC-05855,qualified_for_cleaning,yes,Additional file 1: of Effects of nutrition education on recurrent coronary events after percutaneous coronary intervention: A randomized clinical trial,Figshare,10.6084/m9.figshare.c.3597956_d2.v1,10.1186/s40795-016-0111-5,https://springernature.figshare.com/articles/dataset/Additional_file_1_of_Effects_of_nutrition_education_on_recurrent_coronary_events_after_percutaneous_coronary_intervention_A_randomized_clinical_trial/4323647/1,downloaded 1 file(s); 2 readable table(s),qualified_for_cleaning,1,0,2,pass,"Participant-level PCI nutrition-education RCT raw database; id, two-arm group, baseline covariates, and recurrent-event outcomes present.",40795_2016_111_MOESM1_ESM.xlsx:raw database rows>=200 cols=34 | 40795_2016_111_MOESM1_ESM.xlsx:variables rows>=23 cols=4,group | group; 1 = intervention; 2=control,,Read primary publication and map primary outcome/covariates before cleaning.,
RCTC-01009,not_qualified_before_cleaning,no,Additional file 1: of Rationale and design of the PLACID study: a randomised trial comparing the efficacy and safety of inhaled loxapine versus IM aripiprazole in acutely agitated patients with schizophrenia or bipolar disorder,Figshare,10.6084/m9.figshare.c.3734041_d1,10.1186/s12888-017-1291-5,https://springernature.figshare.com/articles/dataset/Additional_file_1_of_Rationale_and_design_of_the_PLACID_study_a_randomised_trial_comparing_the_efficacy_and_safety_of_inhaled_loxapine_versus_IM_aripiprazole_in_acutely_agitated_patients_with_schizophrenia_or_bipolar_disorder/4817128,downloaded 1 file(s); 0 readable table(s),needs_manual_review_before_cleaning,1,0,0,pass,"Downloaded file is ethics committee/IRB site list only, not trial participant data.",,,,Do not add to active cleaning queue unless the stated blocker is resolved.,
RCTC-03182,not_qualified_before_cleaning,no,Additional file 1: of Virtual patients in the acquisition of clinical reasoning skills: does presentation mode matter? A quasi-randomized controlled trial,Figshare,10.6084/m9.figshare.c.3881320_d1,10.1186/s12909-017-1004-2,https://springernature.figshare.com/articles/dataset/Additional_file_1_of_Virtual_patients_in_the_acquisition_of_clinical_reasoning_skills_does_presentation_mode_matter_A_quasi-randomized_controlled_trial/5413273,downloaded 1 file(s); 1 readable table(s),not_qualified_before_cleaning,1,0,1,pass,Downloaded medical-education quasi-randomized dataset lacks a usable treatment assignment for participant-level RCT cleaning.,12909_2017_1004_MOESM1_ESM.xlsx:Additional file 1 rows>=97 cols=74,,,Do not add to active cleaning queue unless the stated blocker is resolved.,
RCTC-05858,not_qualified_before_cleaning,no,Additional file 2: Table S1. of A randomized trial of the efficacy and safety of quilizumab in adults with inadequately controlled allergic asthma,Figshare,10.6084/m9.figshare.c.3616040_d2.v1,10.1186/s12931-016-0347-2,https://springernature.figshare.com/articles/dataset/Additional_file_2_Table_S1_of_A_randomized_trial_of_the_efficacy_and_safety_of_quilizumab_in_adults_with_inadequately_controlled_allergic_asthma/4378361/1,downloaded 1 file(s); 1 readable table(s),needs_manual_review_before_cleaning,1,0,1,pass,"Downloaded quilizumab file is a subgroup summary table, not participant-level treatment/outcome data.",12931_2016_347_MOESM2_ESM.xlsx:Sheet1 rows>=69 cols=5,,,Do not add to active cleaning queue unless the stated blocker is resolved.,
RCTC-05849,not_qualified_before_cleaning,no,Additional file 2: of A randomized trial of an intervention to improve resident-fellow teaching interactions on the wards,Figshare,10.6084/m9.figshare.c.3640964_d1.v1,10.1186/s12909-016-0796-9,https://springernature.figshare.com/articles/dataset/Additional_file_2_of_A_randomized_trial_of_an_intervention_to_improve_resident-fellow_teaching_interactions_on_the_wards/4457285/1,downloaded 1 file(s); 1 readable table(s),qualified_for_cleaning,1,0,1,pass,Downloaded resident-fellow teaching survey lacks participant IDs/pairing and is a medical-education survey rather than a patient-level clinical RCT dataset.,12909_2016_796_MOESM2_ESM.xlsx:Data rows>=117 cols=14,Group,Rate communication,Do not add to active cleaning queue unless the stated blocker is resolved.,
RCTC-03212,qualified_for_cleaning,yes,Additional file 2: of Efficacy and safety assessment of acupuncture and nimodipine to treat mild cognitive impairment after cerebral infarction: a randomized controlled trial,Figshare,10.6084/m9.figshare.c.3602990_d1.v1,10.1186/s12906-016-1337-0,https://springernature.figshare.com/articles/dataset/Additional_file_2_of_Efficacy_and_safety_assessment_of_acupuncture_and_nimodipine_to_treat_mild_cognitive_impairment_after_cerebral_infarction_a_randomized_controlled_trial/4338227/1,downloaded 1 file(s); 3 readable table(s),not_qualified_before_cleaning,1,0,3,pass,"Participant-level MoCA outcome workbook; treatment assignment is encoded by arm-specific sheets (Nimodipine, Acupuncture, Nimodipine+Acupuncture).",12906_2016_1337_MOESM2_ESM.xlsx:Nimodipine rows>=39 cols=4 | 12906_2016_1337_MOESM2_ESM.xlsx:Acupuncture rows>=40 cols=4 | 12906_2016_1337_MOESM2_ESM.xlsx:nimodipine +acupuncture rows>=40 cols=4,,post-treament 3 month follow-up | post-treament 3 month follow-up | post-treament 3 month follow-up,Read primary publication and map primary outcome/covariates before cleaning.,
RCTC-00458,qualified_supporting_same_trial,yes,Additional file 2: of Impact of a community pharmacist-led medication review on medicines use in patients on polypharmacy - a prospective randomised controlled trial,Figshare,10.6084/m9.figshare.c.3603329_d3.v1,10.1186/s12913-016-1384-8,https://springernature.figshare.com/articles/dataset/Additional_file_2_of_Impact_of_a_community_pharmacist-led_medication_review_on_medicines_use_in_patients_on_polypharmacy_-_a_prospective_randomised_controlled_trial/4339370/1,downloaded 1 file(s); 1 readable table(s),needs_manual_review_before_cleaning,1,0,1,pass,"Same medication-review RCT as RCTC-00459; file contains patient IDs, study group, ATC medication rows, and MPR outcome, useful as supporting/derived outcome source.",12913_2016_1384_MOESM2_ESM.xlsx:Tabelle1 rows>=1000 cols=6,Study group,,Read primary publication and map primary outcome/covariates before cleaning.,
RCTC-05859,not_qualified_before_cleaning,no,Additional file 3: Table S2. of A randomized trial of the efficacy and safety of quilizumab in adults with inadequately controlled allergic asthma,Figshare,10.6084/m9.figshare.c.3616040_d3.v1,10.1186/s12931-016-0347-2,https://springernature.figshare.com/articles/dataset/Additional_file_3_Table_S2_of_A_randomized_trial_of_the_efficacy_and_safety_of_quilizumab_in_adults_with_inadequately_controlled_allergic_asthma/4378388/1,downloaded 1 file(s); 1 readable table(s),needs_manual_review_before_cleaning,1,0,1,pass,"Downloaded quilizumab file is a subgroup summary table, not participant-level treatment/outcome data.",12931_2016_347_MOESM3_ESM.xlsx:Sheet1 rows>=69 cols=5,,,Do not add to active cleaning queue unless the stated blocker is resolved.,
RCTC-00459,qualified_for_cleaning,yes,Additional file 3: of Impact of a community pharmacist-led medication review on medicines use in patients on polypharmacy - a prospective randomised controlled trial,Figshare,10.6084/m9.figshare.c.3603329_d1.v1,10.1186/s12913-016-1384-8,https://springernature.figshare.com/articles/dataset/Additional_file_3_of_Impact_of_a_community_pharmacist-led_medication_review_on_medicines_use_in_patients_on_polypharmacy_-_a_prospective_randomised_controlled_trial/4339337/1,downloaded 1 file(s); 1 readable table(s),needs_manual_review_before_cleaning,1,0,1,pass,"Participant-level medication-review RCT file; Pat ID, study group, baseline sex/region/nDrugs, and DPPR outcome present.",12913_2016_1384_MOESM3_ESM.xlsx:Tabelle1 rows>=293 cols=6,Study group,,Read primary publication and map primary outcome/covariates before cleaning.,
RCTC-03185,qualified_for_cleaning,yes,Additional files 2: of The MOVE-trial: MonocrylÂŽ vs. Vicryl Rapideâ ˘ for skin repair in mediolateral episiotomies: a randomized controlled trial,Figshare,10.6084/m9.figshare.c.3906040_d2,10.1186/s12884-017-1545-8,https://springernature.figshare.com/articles/dataset/Additional_files_2_of_The_MOVE-trial_Monocryl_vs_Vicryl_Rapide_for_skin_repair_in_mediolateral_episiotomies_a_randomized_controlled_trial/5504932,downloaded 1 file(s); inspected with R readxl (older .xls),needs_manual_review_before_cleaning,1,0,1,pass,"Older XLS opened with R readxl; MOVE trial participant-level records include treatment code (1=Monocryl, 2=Vicryl) and pain/wound-healing outcomes.",12884_2017_1545_MOESM2_ESM.xls:Blad1 rows>=8 sampled cols=50; participant-level treatment/outcomes confirmed with R readxl,,,Read primary publication and map primary outcome/covariates before cleaning.,Automated pandas inspection could not open old .xls because xlrd is unavailable; R readxl opened it and confirmed participant-level fields.
RCTC-02952,not_qualified_before_cleaning,no,Supplementary Material for: A Randomized Controlled Crossover Trial to Determine the Effects of Three Nostril Regulated Breathing Practices on Attention and Mood,Karger Publishers,10.6084/m9.figshare.28632596.v2,10.1159/000543934,https://karger.figshare.com/articles/dataset/Supplementary_Material_for_A_Randomized_Controlled_Crossover_Trial_to_Determine_the_Effects_of_Three_Nostril_Regulated_Breathing_Practices_on_Attention_and_Mood/28632596/2,no data file downloaded,not_qualified_before_cleaning,0,0,0,pass,Figshare metadata record has no attached data files and describes a crossover design needing different methods.,,,,Do not add to active cleaning queue unless the stated blocker is resolved.,
RCTC-06654,not_qualified_before_cleaning,no,Supplementary Material for: Relevance of Collaterals for the Success of Neuroprotective Therapies in Acute Ischemic Stroke: Insights from the Randomized URICO-ICTUS Trial,Karger Publishers,10.6084/m9.figshare.8223833.v1,10.1159/000500712,https://karger.figshare.com/articles/Supplementary_Material_for_Relevance_of_Collaterals_for_the_Success_of_Neuroprotective_Therapies_in_Acute_Ischemic_Stroke_Insights_from_the_Randomized_URICO-ICTUS_Trial/8223833/1,no data file downloaded,not_qualified_before_cleaning,0,0,0,pass,"Karger/Figshare record provides supplementary documents/images only, not participant-level data.",,,,Do not add to active cleaning queue unless the stated blocker is resolved.,
RCTC-01257,not_qualified_before_cleaning,no,Neuroepo multisession,NEMAR (Neuroelectromagnetic Data Archive and Tools Resource),10.82901/nemar.on003194,10.18112/openneuro.ds003194.v1.0.3,https://nemar.org/dataexplorer/detail?dataset_id=on003194,downloaded 2 file(s); 1 readable table(s),needs_manual_review_before_cleaning,2,1,1,pass,NEMAR/OpenNeuro candidate is one arm dataset; participants.tsv has no treatment assignment or trial outcomes.,participants.tsv:delimited rows>=15 cols=3,,,Do not add to active cleaning queue unless the stated blocker is resolved.,
RCTC-01258,not_qualified_before_cleaning,no,Placebo Neuroepo multisession,NEMAR (Neuroelectromagnetic Data Archive and Tools Resource),10.82901/nemar.on003195,10.18112/openneuro.ds003195.v1.0.3,https://nemar.org/dataexplorer/detail?dataset_id=on003195,downloaded 2 file(s); 1 readable table(s),needs_manual_review_before_cleaning,2,1,1,pass,NEMAR/OpenNeuro candidate is one arm dataset; participants.tsv has no treatment assignment or trial outcomes.,participants.tsv:delimited rows>=10 cols=3,,,Do not add to active cleaning queue unless the stated blocker is resolved.,
RCTC-01239,not_qualified_before_cleaning,no,sj-xlsx-7-hpq-10.1177_13591053221144977 – for Using a protection motivation theory framework to reduce vaping intention and behaviour in Canadian university students who regularely vape: A randomized controlled trial,SAGE Journals,10.25384/sage.21893732,10.1177/13591053221144977,http://journals.sagepub.com/doi/full/10.1177/13591053221144977#supplementary-materials,no data file downloaded,not_qualified_before_cleaning,0,1,0,pass,SAGE supplementary download attempt hit a Cloudflare/challenge HTML page; no data file downloaded.,,,,Do not add to active cleaning queue unless the stated blocker is resolved.,
RCTC-06268,not_qualified_before_cleaning,no,ANALGESIC EFFICACY OF EPIDURAL MORPHINE AND CLONIDINEIN PATIENTS UNDERGOING DECOMPRESSION OF THE LUMBAR CANAL: A PROSPECTIVE RANDOMIZED TRIAL,SciELO journals,10.6084/m9.figshare.20014042,10.1590/s1808-185120171603159402,https://scielo.figshare.com/articles/dataset/ANALGESIC_EFFICACY_OF_EPIDURAL_MORPHINE_AND_CLONIDINEIN_PATIENTS_UNDERGOING_DECOMPRESSION_OF_THE_LUMBAR_CANAL_A_PROSPECTIVE_RANDOMIZED_TRIAL/20014042,no data file downloaded,not_qualified_before_cleaning,0,7,0,pass,"Figshare/SciELO registered table files, but ndownloader file URLs returned 404; no data file downloaded.",,,,Do not add to active cleaning queue unless the stated blocker is resolved.,
RCTC-04149,not_qualified_before_cleaning,no,Comparative effect of Fenugreek and Cinnamon on management of newly diagnosed cases of Type-2 Diabetes Mellitus,SciELO journals,10.6084/m9.figshare.14318521.v1,10.1590/fst.47720,https://scielo.figshare.com/articles/dataset/Comparative_effect_of_Fenugreek_and_Cinnamon_on_management_of_newly_diagnosed_cases_of_Type-2_Diabetes_Mellitus/14318521/1,no data file downloaded,not_qualified_before_cleaning,0,2,0,pass,"Figshare/SciELO registered table files, but ndownloader file URLs returned 404; no data file downloaded.",,,,Do not add to active cleaning queue unless the stated blocker is resolved.,
RCTC-06616,not_qualified_before_cleaning,no,Comparison of 3 different anesthetic approaches for intravitreal injections: a prospective randomized trial,SciELO journals,10.6084/m9.figshare.7101995,10.5935/0004-2749.20150008,https://scielo.figshare.com/articles/Comparison_of_3_different_anesthetic_approaches_for_intravitreal_injections_a_prospective_randomized_trial/7101995,no data file downloaded,not_qualified_before_cleaning,0,5,0,pass,"Figshare/SciELO registered table files, but ndownloader file URLs returned 404; no data file downloaded.",,,,Do not add to active cleaning queue unless the stated blocker is resolved.,
RCTC-03940,not_qualified_before_cleaning,no,Effectiveness of physical therapy in association with dance in healthy elderly: a randomized clinical trial,SciELO journals,10.6084/m9.figshare.20016353,10.1590/s1809-98232014000100010,https://scielo.figshare.com/articles/dataset/Effectiveness_of_physical_therapy_in_association_with_dance_in_healthy_elderly_a_randomized_clinical_trial/20016353,no data file downloaded,not_qualified_before_cleaning,0,3,0,pass,"Figshare/SciELO registered table files, but ndownloader file URLs returned 404; no data file downloaded.",,,,Do not add to active cleaning queue unless the stated blocker is resolved.,
RCTC-06221,not_qualified_before_cleaning,no,Monthly phone calls and calendars to record falls rate in community-dwelling older adults included in a randomized clinical trial,SciELO journals,10.6084/m9.figshare.20729013.v1,10.1590/1809-2950/20032229022022pt,https://scielo.figshare.com/articles/dataset/Monthly_phone_calls_and_calendars_to_record_falls_rate_in_community-dwelling_older_adults_included_in_a_randomized_clinical_trial/20729013/1,no data file downloaded,not_qualified_before_cleaning,0,8,0,pass,"Figshare/SciELO registered table files, but ndownloader file URLs returned 404; no data file downloaded.",,,,Do not add to active cleaning queue unless the stated blocker is resolved.,
RCTC-04454,not_qualified_before_cleaning,no,Serious game for locomotor rehabilitation of hemiparetic stroke patients,SciELO journals,10.6084/m9.figshare.11869107.v1,10.1590/1980-5918.033.ao16,https://scielo.figshare.com/articles/Serious_game_for_locomotor_rehabilitation_of_hemiparetic_stroke_patients/11869107/1,no data file downloaded,not_qualified_before_cleaning,0,0,0,pass,"Figshare/SciELO registered table files, but ndownloader file URLs returned 404; no data file downloaded.",,,,Do not add to active cleaning queue unless the stated blocker is resolved.,
RCTC-03951,not_qualified_before_cleaning,no,"The effect of antidepressant treatment on the HPA axis, changes in depression score and serum levels of TNF-α in depressed infertile women",SciELO journals,10.6084/m9.figshare.11930166.v1,10.1590/0101-60830000000222,https://scielo.figshare.com/articles/dataset/The_effect_of_antidepressant_treatment_on_the_HPA_axis_changes_in_depression_score_and_serum_levels_of_TNF-_in_depressed_infertile_women/11930166/1,no data file downloaded,not_qualified_before_cleaning,0,4,0,pass,"Figshare/SciELO registered table files, but ndownloader file URLs returned 404; no data file downloaded.",,,,Do not add to active cleaning queue unless the stated blocker is resolved.,
RCTC-05085,not_qualified_before_cleaning,no,Kahlon et al JAMA Open; title: Glycemic Control with Layperson-Delivered Telephone Calls vs. Usual Care for Patients with Diabetes: A Randomized Clinical Trial,Texas Data Repository,10.18738/t8/nadlec,10.1001/jamanetworkopen.2024.48809,https://dataverse.tdl.org/citation?persistentId=doi:10.18738/T8/NADLEC,no data file downloaded,not_qualified_before_cleaning,0,0,0,pass,Texas Data Repository API returned 403 during official access attempt.,,,,Do not add to active cleaning queue unless the stated blocker is resolved.,
RCTC-01312,not_qualified_before_cleaning,no,"Replication Data for ""Efficacy of an exoskeleton-based physical therapy program for non-ambulatory patients during subacute stroke rehabilitation: a randomized controlled trial""",The University of British Columbia,10.14288/1.0444132,,https://doi.library.ubc.ca/10.14288/1.0444132,no data file downloaded,not_qualified_before_cleaning,0,0,0,pass,UBC source/DOI resolved to a UBC cybersecurity block page; no file links could be downloaded.,,,,Do not add to active cleaning queue unless the stated blocker is resolved.,
RCTC-04202,qualified_for_cleaning,yes,Additional file 1 of Improving malaria preventive practices and pregnancy outcomes through a health education intervention: A randomized controlled trial,figshare,10.6084/m9.figshare.13627127.v1,10.1186/s12936-021-03586-5,https://springernature.figshare.com/articles/dataset/Additional_file_1_of_Improving_malaria_preventive_practices_and_pregnancy_outcomes_through_a_health_education_intervention_A_randomized_controlled_trial/13627127/1,downloaded 1 file(s); 1 readable table(s),qualified_for_cleaning,1,0,1,pass,"Participant-level malaria-prevention/pregnancy RCT workbook; GROUP, baseline covariates, malaria prevention measures, pregnancy outcome, and birth weight present.",12936_2021_3586_MOESM1_ESM.xlsx:Sheet1 rows>=371 cols=31,GROUP,PREG_OUTCOME; BIRTH_WEIGHT,Read primary publication and map primary outcome/covariates before cleaning.,
RCTC-03541,not_qualified_before_cleaning,no,Additional file 2: of Cognitive training for children and adolescents with fragile X syndrome: a randomized controlled trial of Cogmed,figshare,10.6084/m9.figshare.7992737.v1,10.1186/s11689-019-9264-2,https://springernature.figshare.com/articles/dataset/Additional_file_2_of_Cognitive_training_for_children_and_adolescents_with_fragile_X_syndrome_a_randomized_controlled_trial_of_Cogmed/7992737/1,downloaded 1 file(s); 1 readable table(s),needs_manual_review_before_cleaning,1,0,1,pass,"Downloaded Cogmed supplementary table is aggregate baseline/summary information, not participant-level data.",11689_2019_9264_MOESM2_ESM.xlsx:Table S1.JM rows>=18 cols=7,,,Do not add to active cleaning queue unless the stated blocker is resolved.,
RCTC-04407,not_qualified_before_cleaning,no,Additional file 2: of Effects of spinal manipulative therapy biomechanical parameters on clinical and biomechanical outcomes of participants with chronic thoracic pain: a randomized controlled experimental trial,figshare,10.6084/m9.figshare.7608278.v1,10.1186/s12891-019-2408-4,https://springernature.figshare.com/articles/Additional_file_2_of_Effects_of_spinal_manipulative_therapy_biomechanical_parameters_on_clinical_and_biomechanical_outcomes_of_participants_with_chronic_thoracic_pain_a_randomized_controlled_experimental_trial/7608278/1,no data file downloaded,not_qualified_before_cleaning,0,0,0,pass,no data file downloaded; participant-level rows not confirmed; treatment/group assignment not confirmed; outcomes not confirmed,,,,Do not add to active cleaning queue unless the stated blocker is resolved.,
RCTC-03539,not_qualified_before_cleaning,no,Additional file 3: of Cognitive training for children and adolescents with fragile X syndrome: a randomized controlled trial of Cogmed,figshare,10.6084/m9.figshare.7992740,10.1186/s11689-019-9264-2,https://springernature.figshare.com/articles/dataset/Additional_file_3_of_Cognitive_training_for_children_and_adolescents_with_fragile_X_syndrome_a_randomized_controlled_trial_of_Cogmed/7992740,downloaded 1 file(s); 1 readable table(s),needs_manual_review_before_cleaning,1,0,1,pass,"Downloaded Cogmed supplementary table is aggregate baseline/summary information, not participant-level data.",11689_2019_9264_MOESM3_ESM.xlsx:Table S2. RM rows>=18 cols=7,,,Do not add to active cleaning queue unless the stated blocker is resolved.,
RCTC-04400,not_qualified_before_cleaning,no,Additional file 3: of Effect of tailored use of tirofiban in patients with Non-ST-elevation acute coronary syndrome undergoing percutaneous coronary intervention: a randomized controlled trial,figshare,10.6084/m9.figshare.7238453.v1,10.1186/s12872-018-0938-6,https://springernature.figshare.com/articles/Additional_file_3_of_Effect_of_tailored_use_of_tirofiban_in_patients_with_Non-ST-elevation_acute_coronary_syndrome_undergoing_percutaneous_coronary_intervention_a_randomized_controlled_trial/7238453/1,no data file downloaded,not_qualified_before_cleaning,0,0,0,pass,no data file downloaded; participant-level rows not confirmed; treatment/group assignment not confirmed; outcomes not confirmed,,,,Do not add to active cleaning queue unless the stated blocker is resolved.,
RCTC-01153,not_qualified_before_cleaning,no,Additional file 3: of Exploring cued and non-cued motor imagery interventions in people with multiple sclerosis: a randomised feasibility trial and reliability study,figshare,10.6084/m9.figshare.5945863.v1,10.1186/s40945-018-0045-0,https://springernature.figshare.com/articles/Additional_file_3_of_Exploring_cued_and_non-cued_motor_imagery_interventions_in_people_with_multiple_sclerosis_a_randomised_feasibility_trial_and_reliability_study/5945863/1,no data file downloaded,not_qualified_before_cleaning,0,0,0,pass,no data file downloaded; participant-level rows not confirmed; treatment/group assignment not confirmed; outcomes not confirmed,,,,Do not add to active cleaning queue unless the stated blocker is resolved.,
RCTC-01154,not_qualified_before_cleaning,no,Results of a randomised trial assessing the effectiveness of different dosages of levofloxacin to cure Helicobacter pylori infection,figshare,10.6084/m9.figshare.6176576.v1,10.1038/s41598-018-27482-2,https://springernature.figshare.com/articles/Results_of_a_randomised_trial_assessing_the_effectiveness_of_different_dosages_of_levofloxacin_to_cure_Helicobacter_pylori_infection/6176576/1,no data file downloaded,not_qualified_before_cleaning,0,0,0,pass,no data file downloaded; participant-level rows not confirmed; treatment/group assignment not confirmed; outcomes not confirmed,,,,Do not add to active cleaning queue unless the stated blocker is resolved.,
RCTC-00206,not_qualified_before_cleaning,no,NTNU Intranasal Naloxone Trial (NINA-1) Study documents,DataverseNO,10.18710/abruww,,https://dataverse.no/citation?persistentId=doi:10.18710/ABRUWW,no data file downloaded,not_qualified_before_cleaning,0,0,0,pass,DataverseNO API returned 403 during official access attempt.,,,,Do not add to active cleaning queue unless the stated blocker is resolved.,
RCTC-06999,not_qualified_before_cleaning,no,Weather and pain,DataverseNO Harvested Dataverse,10.18710/czzt5f,10.1016/j.pain.0000000000000006,https://doi.org/10.18710/CZZT5F,no data file downloaded,not_qualified_before_cleaning,0,0,0,fail_or_unclear,no data file downloaded; license/restriction check not clean; participant-level rows not confirmed; treatment/group assignment not confirmed; outcomes not confirmed,,,,Do not add to active cleaning queue unless the stated blocker is resolved.,
RCTC-05841,not_qualified_before_cleaning,no,"Additional file 2: of Comparing the effect of 0.06% -, 0.12% and 0.2% Chlorhexidine on plaque, bleeding and side effects in an experimental gingivitis model: a parallel group, double masked randomized clinical trial",Figshare,10.6084/m9.figshare.c.3857881_d2,10.1186/s12903-017-0400-7,https://springernature.figshare.com/articles/dataset/Additional_file_2_of_Comparing_the_effect_of_0_06_-_0_12_and_0_2_Chlorhexidine_on_plaque_bleeding_and_side_effects_in_an_experimental_gingivitis_model_a_parallel_group_double_masked_randomized_clinical_trial/5327113,downloaded 1 file(s); 3 readable table(s),qualified_for_cleaning,1,0,3,pass,"Downloaded workbook has participant outcomes but the Code group/treatment assignment column is blank, so treatment assignment is not recoverable from the data file.",12903_2017_400_MOESM2_ESM.xlsx:Ark1 rows>=60 cols=108 | 12903_2017_400_MOESM2_ESM.xlsx:Sheet1 rows>=45 cols=4,Code group,,Do not add to active cleaning queue unless the stated blocker is resolved.,
RCTC-07226,not_qualified_before_cleaning,no,Diabetes Mellitus “Comorbidity” or an Important Risk Factor?,Harvard Dataverse,10.7910/dvn/jaw6ax,10.1056/nejmoa012512,https://doi.org/10.7910/DVN/JAW6AX,downloaded 1 file(s); 1 readable table(s),not_qualified_before_cleaning,1,0,1,fail_or_unclear,"Downloaded diabetes.tab under CC0, but record is not a randomized trial and has no treatment assignment.",diabetes.tab:delimited rows>=768 cols=9,,Glucose; BloodPressure; Insulin; BMI; Outcome,Do not add to active cleaning queue unless the stated blocker is resolved.,
RCTC-07219,qualified_for_cleaning,yes,"Replication Data for ""The Impact of Text Message Reminders on Adherence to Antimalarial Treatment""",Harvard Dataverse,10.7910/dvn/fomqoo,10.1371/journal.pone.0109032,https://doi.org/10.7910/DVN/FOMQOO,downloaded 3 file(s); 2 readable table(s),not_qualified_before_cleaning,3,0,2,fail_or_unclear,"Harvard Dataverse metadata license is CC0; participant-level antimalarial SMS reminder data downloaded with ID, treatment indicators, baseline variables, and outcomes.",PACT_30March2012.tab:delimited rows>=1000 cols=567,treated_ate; _treated_itt; _treated_mhis,_FU_outcome; eFUattp1_e18_IWoutcome; eFUattp2_e18_IWoutcome; eFUattp3_e18_IWoutcome; eFUattp_phoneFU_IWoutcome; eFUattp_phoneFU_e18_IWoutcome; eFUbackcheck_e18_IWoutcome; l1_postpone; m1_symptoms; p11e_vomit; p12e_vomit; p13e_vomit; p14e_vomit; p15e_vomit; p16e_vomit; p22_weightkg; r13a_msgchange; r13b_msgchange; r13c_msgchange; r13d_msgchange; r13e_msgchange; r13f_msgchange; r13g_msgchange; v2j_accepted; matching_quality; MHIS_match_quality,Read primary publication and map primary outcome/covariates before cleaning.,
RCTC-06982,not_qualified_before_cleaning,no,Balancing Time in College: Examining Time-Use and Academic Outcomes of Students in a Comprehensive College Transition Program,ICPSR Harvested Dataverse,10.3886/e131041v1,10.3886/e131041,https://doi.org/10.3886/E131041V1,no data file downloaded,not_qualified_before_cleaning,0,0,0,fail_or_unclear,ICPSR/openICPSR DOI and project pages returned Cloudflare/challenge pages; no ethical no-login download path was available.,,,,Do not add to active cleaning queue unless the stated blocker is resolved.,
RCTC-07192,not_qualified_before_cleaning,no,"Data and Codes for: Tutoring Efficacy, Household Substitution, and Student Achievement",ICPSR Harvested Dataverse,10.3886/e193091v1,10.3886/e193091,https://doi.org/10.3886/E193091V1,no data file downloaded,not_qualified_before_cleaning,0,0,0,fail_or_unclear,ICPSR/openICPSR DOI and project pages returned Cloudflare/challenge pages; no ethical no-login download path was available.,,,,Do not add to active cleaning queue unless the stated blocker is resolved.,
RCTC-07047,not_qualified_before_cleaning,no,"Demonstrating Respect and Acceptable Consent Strategies: What Matters to Patients in Patient-Centered Outcomes Research (PCOR)? [Methods Study], United States, 2017 Version 1",ICPSR Harvested Dataverse,10.3886/icpsr39575.v1,10.3886/icpsr39575,https://doi.org/10.3886/ICPSR39575.V1,no data file downloaded,not_qualified_before_cleaning,0,0,0,fail_or_unclear,ICPSR/openICPSR DOI and project pages returned Cloudflare/challenge pages; no ethical no-login download path was available.,,,,Do not add to active cleaning queue unless the stated blocker is resolved.,
RCTC-07246,not_qualified_before_cleaning,no,"Design and Methodological Improvements for Patient-Centered Small n Sequential Multiple Assignment Randomized Trials (snSMARTs) in the Setting of Rare Diseases [Methods Study], 2016-2020 Archival Version",ICPSR Harvested Dataverse,10.3886/icpsr39636,10.3886/icpsr39636.v1,https://doi.org/10.3886/ICPSR39636,no data file downloaded,not_qualified_before_cleaning,0,0,0,fail_or_unclear,ICPSR/openICPSR DOI and project pages returned Cloudflare/challenge pages; no ethical no-login download path was available.,,,,Do not add to active cleaning queue unless the stated blocker is resolved.,
RCTC-07247,not_qualified_before_cleaning,no,"Design and Methodological Improvements for Patient-Centered Small n Sequential Multiple Assignment Randomized Trials (snSMARTs) in the Setting of Rare Diseases [Methods Study], 2016-2020 Version 1",ICPSR Harvested Dataverse,10.3886/icpsr39636.v1,10.3886/icpsr39636,https://doi.org/10.3886/ICPSR39636.V1,no data file downloaded,not_qualified_before_cleaning,0,0,0,fail_or_unclear,ICPSR/openICPSR DOI and project pages returned Cloudflare/challenge pages; no ethical no-login download path was available.,,,,Do not add to active cleaning queue unless the stated blocker is resolved.,
RCTC-07205,not_qualified_before_cleaning,no,"Efficacy Study of Adventures Aboard the S.S.GRIN: Social, Emotional, and Academic Skills, WestEd and 3C Institute, 2019-2023",ICPSR Harvested Dataverse,10.3886/e191912v1,10.3886/e191912,https://doi.org/10.3886/E191912V1,no data file downloaded,not_qualified_before_cleaning,0,0,0,fail_or_unclear,ICPSR/openICPSR DOI and project pages returned Cloudflare/challenge pages; no ethical no-login download path was available.,,,,Do not add to active cleaning queue unless the stated blocker is resolved.,
RCTC-07054,not_qualified_before_cleaning,no,"Engaging Stakeholders in Building Patient-Centered, N-of-1 Randomized and Other Controlled Trial Methods [Methods Study], New York, 2014-2019 Archival Version",ICPSR Harvested Dataverse,10.3886/icpsr39585,10.3886/icpsr39585.v1,https://doi.org/10.3886/ICPSR39585,no data file downloaded,not_qualified_before_cleaning,0,0,0,fail_or_unclear,ICPSR/openICPSR DOI and project pages returned Cloudflare/challenge pages; no ethical no-login download path was available.,,,,Do not add to active cleaning queue unless the stated blocker is resolved.,
RCTC-07055,not_qualified_before_cleaning,no,"Engaging Stakeholders in Building Patient-Centered, N-of-1 Randomized and Other Controlled Trial Methods [Methods Study], New York, 2014-2019 Version 1",ICPSR Harvested Dataverse,10.3886/icpsr39585.v1,10.3886/icpsr39585,https://doi.org/10.3886/ICPSR39585.V1,no data file downloaded,not_qualified_before_cleaning,0,0,0,fail_or_unclear,ICPSR/openICPSR DOI and project pages returned Cloudflare/challenge pages; no ethical no-login download path was available.,,,,Do not add to active cleaning queue unless the stated blocker is resolved.,
RCTC-07052,not_qualified_before_cleaning,no,Extending the Analysis of Nurse Family Partnership on Maternal and Child Mortality,ICPSR Harvested Dataverse,10.3886/e108425,10.1016/j.amepre.2021.04.014,https://doi.org/10.3886/E108425,no data file downloaded,not_qualified_before_cleaning,0,0,0,fail_or_unclear,ICPSR/openICPSR DOI and project pages returned Cloudflare/challenge pages; no ethical no-login download path was available.,,,,Do not add to active cleaning queue unless the stated blocker is resolved.,
RCTC-07053,not_qualified_before_cleaning,no,Extending the Analysis of Nurse Family Partnership on Maternal and Child Mortality,ICPSR Harvested Dataverse,10.3886/e108425v1,10.1016/j.amepre.2021.04.014,https://doi.org/10.3886/E108425V1,no data file downloaded,not_qualified_before_cleaning,0,0,0,fail_or_unclear,ICPSR/openICPSR DOI and project pages returned Cloudflare/challenge pages; no ethical no-login download path was available.,,,,Do not add to active cleaning queue unless the stated blocker is resolved.,
RCTC-06975,not_qualified_before_cleaning,no,Improving Children's Understanding of Mathematical Equivalence: An Efficacy Study,ICPSR Harvested Dataverse,10.3886/e182542v1,10.3886/e182542,https://doi.org/10.3886/E182542V1,no data file downloaded,not_qualified_before_cleaning,0,0,0,fail_or_unclear,ICPSR/openICPSR DOI and project pages returned Cloudflare/challenge pages; no ethical no-login download path was available.,,,,Do not add to active cleaning queue unless the stated blocker is resolved.,
RCTC-06889,not_qualified_before_cleaning,no,Increasing Community College Completion Rates among Low-Income Students: Evidence from a Randomized Controlled Trial Evaluation of a Case Management Intervention,ICPSR Harvested Dataverse,10.3886/e120838v1,10.3886/e120838,https://doi.org/10.3886/E120838V1,no data file downloaded,not_qualified_before_cleaning,0,0,0,fail_or_unclear,ICPSR/openICPSR DOI and project pages returned Cloudflare/challenge pages; no ethical no-login download path was available.,,,,Do not add to active cleaning queue unless the stated blocker is resolved.,
RCTC-07273,not_qualified_before_cleaning,no,"Memphis New Mothers Study, 1990-1994 Version 3",ICPSR Harvested Dataverse,10.3886/icpsr06782.v3,10.3886/icpsr06782,https://doi.org/10.3886/ICPSR06782.V3,no data file downloaded,not_qualified_before_cleaning,0,0,0,fail_or_unclear,ICPSR/openICPSR DOI and project pages returned Cloudflare/challenge pages; no ethical no-login download path was available.,,,,Do not add to active cleaning queue unless the stated blocker is resolved.,
RCTC-06972,not_qualified_before_cleaning,no,PODER Familiar: Health Promotion for Latino Families of Children With IDD (PODER),ICPSR Harvested Dataverse,10.3886/e233931v1,10.3886/e233931,https://doi.org/10.3886/E233931V1,no data file downloaded,not_qualified_before_cleaning,0,0,0,fail_or_unclear,ICPSR/openICPSR DOI and project pages returned Cloudflare/challenge pages; no ethical no-login download path was available.,,,,Do not add to active cleaning queue unless the stated blocker is resolved.,
RCTC-06973,not_qualified_before_cleaning,no,PRESCHOOL FIRST STEP TO SUCCESS: AN EFFICACY REPLICATION STUDY,ICPSR Harvested Dataverse,10.3886/e194849v1,10.1177/0014402920924848,https://doi.org/10.3886/E194849V1,no data file downloaded,not_qualified_before_cleaning,0,0,0,fail_or_unclear,ICPSR/openICPSR DOI and project pages returned Cloudflare/challenge pages; no ethical no-login download path was available.,,,,Do not add to active cleaning queue unless the stated blocker is resolved.,
RCTC-07004,not_qualified_before_cleaning,no,Power To Quit I,ICPSR Harvested Dataverse,10.3886/e165321v1,10.3886/e165321,https://doi.org/10.3886/E165321V1,no data file downloaded,not_qualified_before_cleaning,0,0,0,fail_or_unclear,ICPSR/openICPSR DOI and project pages returned Cloudflare/challenge pages; no ethical no-login download path was available.,,,,Do not add to active cleaning queue unless the stated blocker is resolved.,
RCTC-07231,not_qualified_before_cleaning,no,Replication data for: Incentives and Services for College Achievement: Evidence from a Randomized Trial,ICPSR Harvested Dataverse,10.3886/e116327v1-102560,10.1257/app.1.1.136,https://doi.org/10.3886/E116327V1-102560,no data file downloaded,not_qualified_before_cleaning,0,0,0,fail_or_unclear,ICPSR/openICPSR DOI and project pages returned Cloudflare/challenge pages; no ethical no-login download path was available.,,,,Do not add to active cleaning queue unless the stated blocker is resolved.,
RCTC-06961,not_qualified_before_cleaning,no,Risk of Bias Assessment in the PTSD Repository,ICPSR Harvested Dataverse,10.3886/e238615,10.3886/e238615v1,https://doi.org/10.3886/E238615,no data file downloaded,not_qualified_before_cleaning,0,0,0,fail_or_unclear,ICPSR/openICPSR DOI and project pages returned Cloudflare/challenge pages; no ethical no-login download path was available.,,,,Do not add to active cleaning queue unless the stated blocker is resolved.,
RCTC-06962,not_qualified_before_cleaning,no,Risk of Bias Assessment in the PTSD Repository,ICPSR Harvested Dataverse,10.3886/e238615v1,10.3886/e238615,https://doi.org/10.3886/E238615V1,no data file downloaded,not_qualified_before_cleaning,0,0,0,fail_or_unclear,ICPSR/openICPSR DOI and project pages returned Cloudflare/challenge pages; no ethical no-login download path was available.,,,,Do not add to active cleaning queue unless the stated blocker is resolved.,
RCTC-07069,not_qualified_before_cleaning,no,"The National Study of Learning Mindsets, [United States], 2015-2016 Version 2",ICPSR Harvested Dataverse,10.3886/icpsr37353.v2,10.3886/icpsr37353,https://doi.org/10.3886/ICPSR37353.V2,no data file downloaded,not_qualified_before_cleaning,0,0,0,fail_or_unclear,ICPSR/openICPSR DOI and project pages returned Cloudflare/challenge pages; no ethical no-login download path was available.,,,,Do not add to active cleaning queue unless the stated blocker is resolved.,
RCTC-06989,not_qualified_before_cleaning,no,The Value of MOOC Certificates versus Traditional Credentials and Experience: Data and Analysis Files,ICPSR Harvested Dataverse,10.3886/e130725v1,10.1177/2332858420973577,https://doi.org/10.3886/E130725V1,no data file downloaded,not_qualified_before_cleaning,0,0,0,fail_or_unclear,ICPSR/openICPSR DOI and project pages returned Cloudflare/challenge pages; no ethical no-login download path was available.,,,,Do not add to active cleaning queue unless the stated blocker is resolved.,
RCTC-06990,not_qualified_before_cleaning,no,The Value of MOOC Certificates versus Traditional Credentials and Experience: Data and Analysis Files,ICPSR Harvested Dataverse,10.3886/e130725,10.1177/2332858420973577,https://doi.org/10.3886/E130725,no data file downloaded,not_qualified_before_cleaning,0,0,0,fail_or_unclear,ICPSR/openICPSR DOI and project pages returned Cloudflare/challenge pages; no ethical no-login download path was available.,,,,Do not add to active cleaning queue unless the stated blocker is resolved.,
RCTC-06946,not_qualified_before_cleaning,no,Who has been studied in PTSD clinical trials?,ICPSR Harvested Dataverse,10.3886/e245213v1,10.3886/e245213,https://doi.org/10.3886/E245213V1,no data file downloaded,not_qualified_before_cleaning,0,0,0,fail_or_unclear,ICPSR/openICPSR DOI and project pages returned Cloudflare/challenge pages; no ethical no-login download path was available.,,,,Do not add to active cleaning queue unless the stated blocker is resolved.,
RCTC-06947,not_qualified_before_cleaning,no,Who has been studied in PTSD clinical trials?,ICPSR Harvested Dataverse,10.3886/e245213,10.3886/e245213v1,https://doi.org/10.3886/E245213,no data file downloaded,not_qualified_before_cleaning,0,0,0,fail_or_unclear,ICPSR/openICPSR DOI and project pages returned Cloudflare/challenge pages; no ethical no-login download path was available.,,,,Do not add to active cleaning queue unless the stated blocker is resolved.,
RCTC-06790,not_qualified_before_cleaning,no,"Reaching end users (REU) socioeconomic endline survey 2009, Mozambique",IFPRI Dataverse,10.7910/dvn/rn40sp,,https://doi.org/10.7910/DVN/RN40SP,downloaded 36 file(s); 36 readable table(s),not_qualified_before_cleaning,36,0,36,fail_or_unclear,"Downloaded IFPRI household/endline survey files, but metadata does not confirm individual clinical randomization; intervention appears large-scale/cluster or household program rather than eligible individually randomized clinical RCT.",SES09_Q1_A_Identification.tab:delimited rows>=990 cols=12 | SES09_Q1_B_Composition.tab:delimited rows>=1000 cols=16 | SES09_Q1_C_Composition.tab:delimited rows>=1000 cols=15 | SES09_Q1_D1_Composition.tab:delimited rows>=1000 cols=13 | SES09_Q1_D2_Composition.tab:delimited rows>=723 cols=15 | SES09_Q1_E_Composition.tab:delimited rows>=1000 cols=17,group | group | group | group,codigo | codigo | codigo | codigo,Do not add to active cleaning queue unless the stated blocker is resolved.,
RCTC-06852,qualified_with_license_caveat,yes,Impact of mobile message reminders on tuberculosis treatment outcomes in Pakistan,Impact Evaluation Dataverse,10.7910/dvn/tpraot,,https://doi.org/10.7910/DVN/TPRAOT,downloaded 7 file(s); 6 readable table(s),not_qualified_before_cleaning,7,0,6,fail_or_unclear,"TB SMS reminder RCT data downloaded through official Dataverse guestbook using the repository-specified identity; participant-level treatment/outcome file has 2,207 unique patient IDs. Terms are CC BY-NC-SA 4.0, so reuse needs attribution, noncommercial use, and share-alike compliance.",secondaryoutcomedata_3ie.tab:delimited rows>=1000 cols=82 | Secondary Outcomes data Codebook_3IE.xlsx:Sheet1 rows>=86 cols=4 | Treatment Outcomes and Baseline Data Codebook_3IE.xlsx:Sheet1 rows>=175 cols=4 | txoutcomeandbaselinedata_3ie.tab:delimited rows>=1000 cols=162 | zindagisystemresponsedata_3ie.tab:delimited rows>=1000 cols=21 | Zindagi System Response data Codebook_3IE.xlsx:Sheet1 rows>=20 cols=3,treatsupp; hhtreatsupp; daysfirsttreat,outcome | selfoutcome; outcome; primary; secondary | resprate; twowkresprate,Read primary publication and map primary outcome/covariates before cleaning.,
RCTC-03855,not_qualified_before_cleaning,no,Dataset for: Homa Bay preschooler caregiver Survey-data,International Potato Center,10.21223/kjy3xi,,https://data.cipotato.org/citation?persistentId=doi:10.21223/KJY3XI,no data file downloaded,not_qualified_before_cleaning,0,0,0,fail_or_unclear,No data file was registered/downloaded from the CIP record in the official API response.,,,,Do not add to active cleaning queue unless the stated blocker is resolved.,
RCTC-04385,not_qualified_before_cleaning,no,"Additional file 1: of Comparison of intraoperative handling and wound healing between (NEOSORBÂŽ plus) and coated polyglactin 910 suture (NEOSORBÂŽ): a prospective, single-blind, randomized controlled trial",figshare,10.6084/m9.figshare.6789515.v1,10.1186/s12893-018-0377-4,https://springernature.figshare.com/articles/Additional_file_1_of_Comparison_of_intraoperative_handling_and_wound_healing_between_NEOSORB_plus_and_coated_polyglactin_910_suture_NEOSORB_a_prospective_single-blind_randomized_controlled_trial/6789515/1,no data file downloaded,not_qualified_before_cleaning,0,0,0,pass,no data file downloaded; participant-level rows not confirmed; treatment/group assignment not confirmed; outcomes not confirmed,,,,Do not add to active cleaning queue unless the stated blocker is resolved.,
RCTC-03313,qualified_for_cleaning,yes,"Laryngeal mask vs. laryngeal tube trial in pediatric patients (LaMaTuPe): a single-blinded, open-label, randomized controlled trial [data]",heiDATA,10.11588/data/j7zitw,10.1097/mej.0000000000001178,https://heidata.uni-heidelberg.de/citation?persistentId=doi:10.11588/data/J7ZITW,downloaded 1 file(s); 3 readable table(s),not_qualified_before_cleaning,1,0,3,fail_or_unclear,"heiDATA metadata license is CC BY 4.0; participant-level pediatric airway RCT workbook includes Studienarm, baseline/anesthesia covariates, and insertion/safety outcomes.",Anonymised_Data_LaMaTuPe_2024-01-23.xlsx:Datensatz LaMaTuPe rows>=254 cols=79 | Anonymised_Data_LaMaTuPe_2024-01-23.xlsx:Legende SPSS rows>=26 cols=8 | Anonymised_Data_LaMaTuPe_2024-01-23.xlsx:Glossar rows>=86 cols=17,Studienarm,Komplikationen postop; postop. Schmerztherapie; Schmerzen Mund-Rachenraum postop,Read primary publication and map primary outcome/covariates before cleaning.,
RCTC-06813,not_qualified_before_cleaning,no,"Replication Data for: ""Network threats to causal inference: Variations in network position by participation in randomized controlled trials""",Douglas Levy - ChooseWell Together 2,10.7910/dvn/apdpwh,10.1016/j.socnet.2026.03.004,https://doi.org/10.7910/DVN/APDPWH,downloaded 1 file(s); 0 readable table(s),not_qualified_before_cleaning,1,0,0,fail_or_unclear,Downloaded analysis code only; raw/analytic data are hosted elsewhere and were not available from this record.,,,,Do not add to active cleaning queue unless the stated blocker is resolved.,
RCTC-07244,not_qualified_before_cleaning,no,Improving Success of Non-Communicable Diseases Mobile Phone Surveys: Results of Two Randomized Trials Testing Interviewer Gender and Message Valence in Bangladesh and Uganda,ICPSR Harvested Dataverse,10.3886/e183511,10.3886/e183511v1,https://doi.org/10.3886/E183511,no data file downloaded,not_qualified_before_cleaning,0,0,0,fail_or_unclear,ICPSR/openICPSR DOI and project pages returned Cloudflare/challenge pages; no ethical no-login download path was available.,,,,Do not add to active cleaning queue unless the stated blocker is resolved.,
RCTC-07245,not_qualified_before_cleaning,no,Improving Success of Non-Communicable Diseases Mobile Phone Surveys: Results of Two Randomized Trials Testing Interviewer Gender and Message Valence in Bangladesh and Uganda,ICPSR Harvested Dataverse,10.3886/e183511v1,10.3886/e183511,https://doi.org/10.3886/E183511V1,no data file downloaded,not_qualified_before_cleaning,0,0,0,fail_or_unclear,ICPSR/openICPSR DOI and project pages returned Cloudflare/challenge pages; no ethical no-login download path was available.,,,,Do not add to active cleaning queue unless the stated blocker is resolved.,
