candidate_id,title,doi,repository,downloaded_file_count,download_failed_count,oversize_skipped_count,archive_extracted_file_count,readable_table_count,license_status,publication_status,randomization_status,crossover_status,participant_level_status,treatment_assignment_status,outcome_status,qualification_decision,reasons,best_readable_tables,treatment_evidence,outcome_evidence,next_action
RCTC-00079,Background data for: Patient-Tailored Levothyroxine Dosage with Pharmacokinetic/Pharmacodynamic Modeling: A Novel Approach After Total Thyroidectomy,10.18710/t5bq22,DataverseNO,0,0,0,0,0,pass,pass,pass,no,unclear_or_fail,unclear_or_fail,unclear_or_fail,not_qualified_before_cleaning,no data file downloaded; participant-level rows not confirmed; treatment/group assignment not confirmed; outcomes not confirmed,,,,Do not clean unless metadata/access issue is resolved.
RCTC-03215,Additional file 1: Table S1. of Effect of prenatal DHA supplementation on the infant epigenome: results from a randomized controlled trial,10.6084/m9.figshare.c.3619169_d2.v1,Figshare,1,0,0,0,8,pass,pass,pass,no,pass,pass,pass,qualified_for_cleaning,all crude pre-cleaning checks passed,13148_2016_281_MOESM1_ESM.xlsx:S1 Global methylation 450K rows>=13 cols=7 | 13148_2016_281_MOESM1_ESM.xlsx:S2 VMRs rows>=1000 cols=8 | 13148_2016_281_MOESM1_ESM.xlsx:S3 Newborn DMRs adj cell type rows>=24 cols=7 | 13148_2016_281_MOESM1_ESM.xlsx:S4 Newborn Male DMRs rows>=129 cols=8 | 13148_2016_281_MOESM1_ESM.xlsx:S5 Newborn Female DMRs rows>=74 cols=8 | 13148_2016_281_MOESM1_ESM.xlsx:S6 5 yr DMRs rows>=12 cols=9,Table S3 DMRs between the DHA-supplemented and control group at birth with adjustment for cell mixture  | Table S4 DMRs between the DHA-supplemented and control group at birth in males | Table S5 DMRs between the DHA-supplemented and control group at birth in females | Table S6 DMRs between the DHA-supplemented and control group at age 5 years,Table S2 Variable Methylated Regions (VMRs) at birth | Table S3 DMRs between the DHA-supplemented and control group at birth with adjustment for cell mixture  | Table S4 DMRs between the DHA-supplemented and control group at birth in males | Table S5 DMRs between the DHA-supplemented and control group at birth in females,Read publication and map primary outcome/covariates before cleaning.
RCTC-03207,Additional file 1: of Comparison of hemodynamic response to tracheal intubation and postoperative pain in patients undergoing closed reduction of nasal bone fracture under general anesthesia: a randomized controlled trial comparing fentanyl and oxycodone,10.6084/m9.figshare.c.3613661_d1.v1,Figshare,1,0,0,0,5,pass,pass,pass,no,pass,pass,pass,qualified_for_cleaning,all crude pre-cleaning checks passed,12871_2016_279_MOESM1_ESM.xlsx:base rows>=67 cols=13 | 12871_2016_279_MOESM1_ESM.xlsx:BP&HR rows>=69 cols=29 | 12871_2016_279_MOESM1_ESM.xlsx:Hemodynamic changes rows>=68 cols=13 | 12871_2016_279_MOESM1_ESM.xlsx:complications rows>=76 cols=10,Group | Group | Group,Weight; BMI | Post 1; Post 2; Post 3; Post 4; Post 5; Delta MBP/Pre induction; Post induction HR; Delta HR | Delta MBP>40%; Delta HR>20% | Pain(VAS),Read publication and map primary outcome/covariates before cleaning.
RCTC-05855,Additional file 1: of Effects of nutrition education on recurrent coronary events after percutaneous coronary intervention: A randomized clinical trial,10.6084/m9.figshare.c.3597956_d2.v1,Figshare,1,0,0,0,2,pass,pass,pass,no,pass,pass,pass,qualified_for_cleaning,all crude pre-cleaning checks passed,40795_2016_111_MOESM1_ESM.xlsx:raw database rows>=200 cols=34 | 40795_2016_111_MOESM1_ESM.xlsx:variables rows>=23 cols=4,group | group; 1 = intervention; 2=control,,Read publication and map primary outcome/covariates before cleaning.
RCTC-01009,Additional file 1: of Rationale and design of the PLACID study: a randomised trial comparing the efficacy and safety of inhaled loxapine versus IM aripiprazole in acutely agitated patients with schizophrenia or bipolar disorder,10.6084/m9.figshare.c.3734041_d1,Figshare,1,0,0,0,0,pass,pass,pass,no,unclear_or_fail,unclear_or_fail,unclear_or_fail,needs_manual_review_before_cleaning,participant-level rows not confirmed; treatment/group assignment not confirmed; outcomes not confirmed,,,,Manual file/publication review before any cleaning.
RCTC-03182,Additional file 1: of Virtual patients in the acquisition of clinical reasoning skills: does presentation mode matter? A quasi-randomized controlled trial,10.6084/m9.figshare.c.3881320_d1,Figshare,1,0,0,0,1,pass,pass,pass,no,pass,unclear_or_fail,pass,not_qualified_before_cleaning,treatment/group assignment not confirmed,12909_2017_1004_MOESM1_ESM.xlsx:Additional file 1 rows>=97 cols=74,,,Do not clean unless participant-level treatment assignment is found.
RCTC-05858,Additional file 2: Table S1. of A randomized trial of the efficacy and safety of quilizumab in adults with inadequately controlled allergic asthma,10.6084/m9.figshare.c.3616040_d2.v1,Figshare,1,0,0,0,1,pass,pass,pass,no,pass,unclear_or_fail,unclear_or_fail,needs_manual_review_before_cleaning,treatment/group assignment not confirmed; outcomes not confirmed,12931_2016_347_MOESM2_ESM.xlsx:Sheet1 rows>=69 cols=5,,,Manual file/publication review before any cleaning.
RCTC-05849,Additional file 2: of A randomized trial of an intervention to improve resident-fellow teaching interactions on the wards,10.6084/m9.figshare.c.3640964_d1.v1,Figshare,1,0,0,0,1,pass,pass,pass,no,pass,pass,pass,qualified_for_cleaning,all crude pre-cleaning checks passed,12909_2016_796_MOESM2_ESM.xlsx:Data rows>=117 cols=14,Group,Rate communication,Read publication and map primary outcome/covariates before cleaning.
RCTC-03212,Additional file 2: of Efficacy and safety assessment of acupuncture and nimodipine to treat mild cognitive impairment after cerebral infarction: a randomized controlled trial,10.6084/m9.figshare.c.3602990_d1.v1,Figshare,1,0,0,0,3,pass,pass,pass,no,pass,unclear_or_fail,pass,not_qualified_before_cleaning,treatment/group assignment not confirmed,12906_2016_1337_MOESM2_ESM.xlsx:Nimodipine rows>=39 cols=4 | 12906_2016_1337_MOESM2_ESM.xlsx:Acupuncture rows>=40 cols=4 | 12906_2016_1337_MOESM2_ESM.xlsx:nimodipine +acupuncture rows>=40 cols=4,,post-treament 3 month follow-up | post-treament 3 month follow-up | post-treament 3 month follow-up,Do not clean unless participant-level treatment assignment is found.
RCTC-00458,Additional file 2: of Impact of a community pharmacist-led medication review on medicines use in patients on polypharmacy - a prospective randomised controlled trial,10.6084/m9.figshare.c.3603329_d3.v1,Figshare,1,0,0,0,1,pass,pass,pass,no,pass,pass,unclear_or_fail,needs_manual_review_before_cleaning,outcomes not confirmed,12913_2016_1384_MOESM2_ESM.xlsx:Tabelle1 rows>=1000 cols=6,Study group,,Manual file/publication review before any cleaning.
RCTC-05859,Additional file 3: Table S2. of A randomized trial of the efficacy and safety of quilizumab in adults with inadequately controlled allergic asthma,10.6084/m9.figshare.c.3616040_d3.v1,Figshare,1,0,0,0,1,pass,pass,pass,no,pass,unclear_or_fail,unclear_or_fail,needs_manual_review_before_cleaning,treatment/group assignment not confirmed; outcomes not confirmed,12931_2016_347_MOESM3_ESM.xlsx:Sheet1 rows>=69 cols=5,,,Manual file/publication review before any cleaning.
RCTC-00459,Additional file 3: of Impact of a community pharmacist-led medication review on medicines use in patients on polypharmacy - a prospective randomised controlled trial,10.6084/m9.figshare.c.3603329_d1.v1,Figshare,1,0,0,0,1,pass,pass,pass,no,pass,pass,unclear_or_fail,needs_manual_review_before_cleaning,outcomes not confirmed,12913_2016_1384_MOESM3_ESM.xlsx:Tabelle1 rows>=293 cols=6,Study group,,Manual file/publication review before any cleaning.
RCTC-03185,Additional files 2: of The MOVE-trial: MonocrylÂŽ vs. Vicryl Rapideâ ˘ for skin repair in mediolateral episiotomies: a randomized controlled trial,10.6084/m9.figshare.c.3906040_d2,Figshare,1,0,0,0,0,pass,pass,pass,no,unclear_or_fail,unclear_or_fail,unclear_or_fail,needs_manual_review_before_cleaning,participant-level rows not confirmed; treatment/group assignment not confirmed; outcomes not confirmed,,,,Manual file/publication review before any cleaning.
RCTC-02952,Supplementary Material for: A Randomized Controlled Crossover Trial to Determine the Effects of Three Nostril Regulated Breathing Practices on Attention and Mood,10.6084/m9.figshare.28632596.v2,Karger Publishers,0,0,0,0,0,pass,pass,pass,yes,unclear_or_fail,unclear_or_fail,unclear_or_fail,not_qualified_before_cleaning,no data file downloaded; crossover design requires method decision before benchmark cleaning; participant-level rows not confirmed; treatment/group assignment not confirmed; outcomes not confirmed,,,,Do not clean unless metadata/access issue is resolved.
RCTC-06654,Supplementary Material for: Relevance of Collaterals for the Success of Neuroprotective Therapies in Acute Ischemic Stroke: Insights from the Randomized URICO-ICTUS Trial,10.6084/m9.figshare.8223833.v1,Karger Publishers,0,0,0,0,0,pass,pass,pass,no,unclear_or_fail,unclear_or_fail,unclear_or_fail,not_qualified_before_cleaning,no data file downloaded; participant-level rows not confirmed; treatment/group assignment not confirmed; outcomes not confirmed,,,,Do not clean unless metadata/access issue is resolved.
RCTC-01257,Neuroepo multisession,10.82901/nemar.on003194,NEMAR (Neuroelectromagnetic Data Archive and Tools Resource),2,1,0,0,1,pass,pass,pass,no,unclear_or_fail,unclear_or_fail,unclear_or_fail,needs_manual_review_before_cleaning,1 download failure(s); participant-level rows not confirmed; treatment/group assignment not confirmed; outcomes not confirmed,participants.tsv:delimited rows>=15 cols=3,,,Manual file/publication review before any cleaning.
RCTC-01258,Placebo Neuroepo multisession,10.82901/nemar.on003195,NEMAR (Neuroelectromagnetic Data Archive and Tools Resource),2,1,0,0,1,pass,pass,pass,no,unclear_or_fail,unclear_or_fail,unclear_or_fail,needs_manual_review_before_cleaning,1 download failure(s); participant-level rows not confirmed; treatment/group assignment not confirmed; outcomes not confirmed,participants.tsv:delimited rows>=10 cols=3,,,Manual file/publication review before any cleaning.
RCTC-01239,sj-xlsx-7-hpq-10.1177_13591053221144977 – for Using a protection motivation theory framework to reduce vaping intention and behaviour in Canadian university students who regularely vape: A randomized controlled trial,10.25384/sage.21893732,SAGE Journals,0,1,0,0,0,pass,pass,pass,no,unclear_or_fail,unclear_or_fail,unclear_or_fail,not_qualified_before_cleaning,no data file downloaded; 1 download failure(s); participant-level rows not confirmed; treatment/group assignment not confirmed; outcomes not confirmed,,,,Do not clean unless metadata/access issue is resolved.
RCTC-06268,ANALGESIC EFFICACY OF EPIDURAL MORPHINE AND CLONIDINEIN PATIENTS UNDERGOING DECOMPRESSION OF THE LUMBAR CANAL: A PROSPECTIVE RANDOMIZED TRIAL,10.6084/m9.figshare.20014042,SciELO journals,0,7,0,0,0,pass,pass,pass,no,unclear_or_fail,unclear_or_fail,unclear_or_fail,not_qualified_before_cleaning,no data file downloaded; 7 download failure(s); participant-level rows not confirmed; treatment/group assignment not confirmed; outcomes not confirmed,,,,Do not clean unless metadata/access issue is resolved.
RCTC-04149,Comparative effect of Fenugreek and Cinnamon on management of newly diagnosed cases of Type-2 Diabetes Mellitus,10.6084/m9.figshare.14318521.v1,SciELO journals,0,2,0,0,0,pass,pass,pass,no,unclear_or_fail,unclear_or_fail,unclear_or_fail,not_qualified_before_cleaning,no data file downloaded; 2 download failure(s); participant-level rows not confirmed; treatment/group assignment not confirmed; outcomes not confirmed,,,,Do not clean unless metadata/access issue is resolved.
RCTC-06616,Comparison of 3 different anesthetic approaches for intravitreal injections: a prospective randomized trial,10.6084/m9.figshare.7101995,SciELO journals,0,5,0,0,0,pass,pass,pass,no,unclear_or_fail,unclear_or_fail,unclear_or_fail,not_qualified_before_cleaning,no data file downloaded; 5 download failure(s); participant-level rows not confirmed; treatment/group assignment not confirmed; outcomes not confirmed,,,,Do not clean unless metadata/access issue is resolved.
RCTC-03940,Effectiveness of physical therapy in association with dance in healthy elderly: a randomized clinical trial,10.6084/m9.figshare.20016353,SciELO journals,0,3,0,0,0,pass,pass,pass,no,unclear_or_fail,unclear_or_fail,unclear_or_fail,not_qualified_before_cleaning,no data file downloaded; 3 download failure(s); participant-level rows not confirmed; treatment/group assignment not confirmed; outcomes not confirmed,,,,Do not clean unless metadata/access issue is resolved.
RCTC-06221,Monthly phone calls and calendars to record falls rate in community-dwelling older adults included in a randomized clinical trial,10.6084/m9.figshare.20729013.v1,SciELO journals,0,8,0,0,0,pass,pass,pass,no,unclear_or_fail,unclear_or_fail,unclear_or_fail,not_qualified_before_cleaning,no data file downloaded; 8 download failure(s); participant-level rows not confirmed; treatment/group assignment not confirmed; outcomes not confirmed,,,,Do not clean unless metadata/access issue is resolved.
RCTC-04454,Serious game for locomotor rehabilitation of hemiparetic stroke patients,10.6084/m9.figshare.11869107.v1,SciELO journals,0,0,0,0,0,pass,pass,pass,no,unclear_or_fail,unclear_or_fail,unclear_or_fail,not_qualified_before_cleaning,no data file downloaded; participant-level rows not confirmed; treatment/group assignment not confirmed; outcomes not confirmed,,,,Do not clean unless metadata/access issue is resolved.
RCTC-03951,"The effect of antidepressant treatment on the HPA axis, changes in depression score and serum levels of TNF-α in depressed infertile women",10.6084/m9.figshare.11930166.v1,SciELO journals,0,4,0,0,0,pass,pass,pass,no,unclear_or_fail,unclear_or_fail,unclear_or_fail,not_qualified_before_cleaning,no data file downloaded; 4 download failure(s); participant-level rows not confirmed; treatment/group assignment not confirmed; outcomes not confirmed,,,,Do not clean unless metadata/access issue is resolved.
RCTC-05085,Kahlon et al JAMA Open; title: Glycemic Control with Layperson-Delivered Telephone Calls vs. Usual Care for Patients with Diabetes: A Randomized Clinical Trial,10.18738/t8/nadlec,Texas Data Repository,0,0,0,0,0,pass,pass,pass,no,unclear_or_fail,unclear_or_fail,unclear_or_fail,not_qualified_before_cleaning,no data file downloaded; participant-level rows not confirmed; treatment/group assignment not confirmed; outcomes not confirmed,,,,Do not clean unless metadata/access issue is resolved.
RCTC-01312,"Replication Data for ""Efficacy of an exoskeleton-based physical therapy program for non-ambulatory patients during subacute stroke rehabilitation: a randomized controlled trial""",10.14288/1.0444132,The University of British Columbia,0,0,0,0,0,pass,pass,pass,no,unclear_or_fail,unclear_or_fail,unclear_or_fail,not_qualified_before_cleaning,no data file downloaded; participant-level rows not confirmed; treatment/group assignment not confirmed; outcomes not confirmed,,,,Do not clean unless metadata/access issue is resolved.
RCTC-04202,Additional file 1 of Improving malaria preventive practices and pregnancy outcomes through a health education intervention: A randomized controlled trial,10.6084/m9.figshare.13627127.v1,figshare,1,0,0,0,1,pass,pass,pass,no,pass,pass,pass,qualified_for_cleaning,all crude pre-cleaning checks passed,12936_2021_3586_MOESM1_ESM.xlsx:Sheet1 rows>=371 cols=31,GROUP,PREG_OUTCOME; BIRTH_WEIGHT,Read publication and map primary outcome/covariates before cleaning.
RCTC-03541,Additional file 2: of Cognitive training for children and adolescents with fragile X syndrome: a randomized controlled trial of Cogmed,10.6084/m9.figshare.7992737.v1,figshare,1,0,0,0,1,pass,pass,pass,no,unclear_or_fail,unclear_or_fail,unclear_or_fail,needs_manual_review_before_cleaning,participant-level rows not confirmed; treatment/group assignment not confirmed; outcomes not confirmed,11689_2019_9264_MOESM2_ESM.xlsx:Table S1.JM rows>=18 cols=7,,,Manual file/publication review before any cleaning.
RCTC-04407,Additional file 2: of Effects of spinal manipulative therapy biomechanical parameters on clinical and biomechanical outcomes of participants with chronic thoracic pain: a randomized controlled experimental trial,10.6084/m9.figshare.7608278.v1,figshare,0,0,0,0,0,pass,pass,pass,no,unclear_or_fail,unclear_or_fail,unclear_or_fail,not_qualified_before_cleaning,no data file downloaded; participant-level rows not confirmed; treatment/group assignment not confirmed; outcomes not confirmed,,,,Do not clean unless metadata/access issue is resolved.
RCTC-03539,Additional file 3: of Cognitive training for children and adolescents with fragile X syndrome: a randomized controlled trial of Cogmed,10.6084/m9.figshare.7992740,figshare,1,0,0,0,1,pass,pass,pass,no,unclear_or_fail,unclear_or_fail,unclear_or_fail,needs_manual_review_before_cleaning,participant-level rows not confirmed; treatment/group assignment not confirmed; outcomes not confirmed,11689_2019_9264_MOESM3_ESM.xlsx:Table S2. RM rows>=18 cols=7,,,Manual file/publication review before any cleaning.
RCTC-04400,Additional file 3: of Effect of tailored use of tirofiban in patients with Non-ST-elevation acute coronary syndrome undergoing percutaneous coronary intervention: a randomized controlled trial,10.6084/m9.figshare.7238453.v1,figshare,0,0,0,0,0,pass,pass,pass,no,unclear_or_fail,unclear_or_fail,unclear_or_fail,not_qualified_before_cleaning,no data file downloaded; participant-level rows not confirmed; treatment/group assignment not confirmed; outcomes not confirmed,,,,Do not clean unless metadata/access issue is resolved.
RCTC-01153,Additional file 3: of Exploring cued and non-cued motor imagery interventions in people with multiple sclerosis: a randomised feasibility trial and reliability study,10.6084/m9.figshare.5945863.v1,figshare,0,0,0,0,0,pass,pass,pass,no,unclear_or_fail,unclear_or_fail,unclear_or_fail,not_qualified_before_cleaning,no data file downloaded; participant-level rows not confirmed; treatment/group assignment not confirmed; outcomes not confirmed,,,,Do not clean unless metadata/access issue is resolved.
RCTC-01154,Results of a randomised trial assessing the effectiveness of different dosages of levofloxacin to cure Helicobacter pylori infection,10.6084/m9.figshare.6176576.v1,figshare,0,0,0,0,0,pass,pass,pass,no,unclear_or_fail,unclear_or_fail,unclear_or_fail,not_qualified_before_cleaning,no data file downloaded; participant-level rows not confirmed; treatment/group assignment not confirmed; outcomes not confirmed,,,,Do not clean unless metadata/access issue is resolved.
RCTC-00206,NTNU Intranasal Naloxone Trial (NINA-1) Study documents,10.18710/abruww,DataverseNO,0,0,0,0,0,pass,pass,pass,no,unclear_or_fail,unclear_or_fail,unclear_or_fail,not_qualified_before_cleaning,no data file downloaded; participant-level rows not confirmed; treatment/group assignment not confirmed; outcomes not confirmed,,,,Do not clean unless metadata/access issue is resolved.
RCTC-06999,Weather and pain,10.18710/czzt5f,DataverseNO Harvested Dataverse,0,0,0,0,0,fail_or_unclear,pass,pass,no,unclear_or_fail,unclear_or_fail,unclear_or_fail,not_qualified_before_cleaning,no data file downloaded; license/restriction check not clean; participant-level rows not confirmed; treatment/group assignment not confirmed; outcomes not confirmed,,,,Do not clean unless metadata/access issue is resolved.
RCTC-05841,"Additional file 2: of Comparing the effect of 0.06% -, 0.12% and 0.2% Chlorhexidine on plaque, bleeding and side effects in an experimental gingivitis model: a parallel group, double masked randomized clinical trial",10.6084/m9.figshare.c.3857881_d2,Figshare,1,0,0,0,3,pass,pass,pass,no,pass,pass,pass,qualified_for_cleaning,all crude pre-cleaning checks passed,12903_2017_400_MOESM2_ESM.xlsx:Ark1 rows>=60 cols=108 | 12903_2017_400_MOESM2_ESM.xlsx:Sheet1 rows>=45 cols=4,Code group,,Read publication and map primary outcome/covariates before cleaning.
RCTC-07226,Diabetes Mellitus “Comorbidity” or an Important Risk Factor?,10.7910/dvn/jaw6ax,Harvard Dataverse,1,0,0,0,1,fail_or_unclear,pass,unclear_or_fail,no,pass,unclear_or_fail,pass,not_qualified_before_cleaning,license/restriction check not clean; individual randomization not confirmed by metadata; treatment/group assignment not confirmed,diabetes.tab:delimited rows>=768 cols=9,,Glucose; BloodPressure; Insulin; BMI; Outcome,Do not clean unless metadata/access issue is resolved.
RCTC-07219,"Replication Data for ""The Impact of Text Message Reminders on Adherence to Antimalarial Treatment""",10.7910/dvn/fomqoo,Harvard Dataverse,3,0,0,0,2,fail_or_unclear,pass,pass,no,pass,pass,pass,not_qualified_before_cleaning,license/restriction check not clean,PACT_30March2012.tab:delimited rows>=1000 cols=567,treated_ate; _treated_itt; _treated_mhis,_FU_outcome; eFUattp1_e18_IWoutcome; eFUattp2_e18_IWoutcome; eFUattp3_e18_IWoutcome; eFUattp_phoneFU_IWoutcome; eFUattp_phoneFU_e18_IWoutcome; eFUbackcheck_e18_IWoutcome; l1_postpone; m1_symptoms; p11e_vomit; p12e_vomit; p13e_vomit; p14e_vomit; p15e_vomit; p16e_vomit; p22_weightkg; r13a_msgchange; r13b_msgchange; r13c_msgchange; r13d_msgchange; r13e_msgchange; r13f_msgchange; r13g_msgchange; v2j_accepted; matching_quality; MHIS_match_quality,Do not clean unless metadata/access issue is resolved.
RCTC-06982,Balancing Time in College: Examining Time-Use and Academic Outcomes of Students in a Comprehensive College Transition Program,10.3886/e131041v1,ICPSR Harvested Dataverse,0,0,0,0,0,fail_or_unclear,pass,pass,no,unclear_or_fail,unclear_or_fail,unclear_or_fail,not_qualified_before_cleaning,no data file downloaded; license/restriction check not clean; participant-level rows not confirmed; treatment/group assignment not confirmed; outcomes not confirmed,,,,Do not clean unless metadata/access issue is resolved.
RCTC-07192,"Data and Codes for: Tutoring Efficacy, Household Substitution, and Student Achievement",10.3886/e193091v1,ICPSR Harvested Dataverse,0,0,0,0,0,fail_or_unclear,pass,pass,no,unclear_or_fail,unclear_or_fail,unclear_or_fail,not_qualified_before_cleaning,no data file downloaded; license/restriction check not clean; participant-level rows not confirmed; treatment/group assignment not confirmed; outcomes not confirmed,,,,Do not clean unless metadata/access issue is resolved.
RCTC-07047,"Demonstrating Respect and Acceptable Consent Strategies: What Matters to Patients in Patient-Centered Outcomes Research (PCOR)? [Methods Study], United States, 2017 Version 1",10.3886/icpsr39575.v1,ICPSR Harvested Dataverse,0,0,0,0,0,fail_or_unclear,pass,unclear_or_fail,no,unclear_or_fail,unclear_or_fail,unclear_or_fail,not_qualified_before_cleaning,no data file downloaded; license/restriction check not clean; individual randomization not confirmed by metadata; participant-level rows not confirmed; treatment/group assignment not confirmed; outcomes not confirmed,,,,Do not clean unless metadata/access issue is resolved.
RCTC-07246,"Design and Methodological Improvements for Patient-Centered Small n Sequential Multiple Assignment Randomized Trials (snSMARTs) in the Setting of Rare Diseases [Methods Study], 2016-2020 Archival Version",10.3886/icpsr39636,ICPSR Harvested Dataverse,0,0,0,0,0,fail_or_unclear,pass,pass,no,unclear_or_fail,unclear_or_fail,unclear_or_fail,not_qualified_before_cleaning,no data file downloaded; license/restriction check not clean; participant-level rows not confirmed; treatment/group assignment not confirmed; outcomes not confirmed,,,,Do not clean unless metadata/access issue is resolved.
RCTC-07247,"Design and Methodological Improvements for Patient-Centered Small n Sequential Multiple Assignment Randomized Trials (snSMARTs) in the Setting of Rare Diseases [Methods Study], 2016-2020 Version 1",10.3886/icpsr39636.v1,ICPSR Harvested Dataverse,0,0,0,0,0,fail_or_unclear,pass,pass,no,unclear_or_fail,unclear_or_fail,unclear_or_fail,not_qualified_before_cleaning,no data file downloaded; license/restriction check not clean; participant-level rows not confirmed; treatment/group assignment not confirmed; outcomes not confirmed,,,,Do not clean unless metadata/access issue is resolved.
RCTC-07205,"Efficacy Study of Adventures Aboard the S.S.GRIN: Social, Emotional, and Academic Skills, WestEd and 3C Institute, 2019-2023",10.3886/e191912v1,ICPSR Harvested Dataverse,0,0,0,0,0,fail_or_unclear,pass,unclear_or_fail,no,unclear_or_fail,unclear_or_fail,unclear_or_fail,not_qualified_before_cleaning,no data file downloaded; license/restriction check not clean; individual randomization not confirmed by metadata; participant-level rows not confirmed; treatment/group assignment not confirmed; outcomes not confirmed,,,,Do not clean unless metadata/access issue is resolved.
RCTC-07054,"Engaging Stakeholders in Building Patient-Centered, N-of-1 Randomized and Other Controlled Trial Methods [Methods Study], New York, 2014-2019 Archival Version",10.3886/icpsr39585,ICPSR Harvested Dataverse,0,0,0,0,0,fail_or_unclear,pass,pass,no,unclear_or_fail,unclear_or_fail,unclear_or_fail,not_qualified_before_cleaning,no data file downloaded; license/restriction check not clean; participant-level rows not confirmed; treatment/group assignment not confirmed; outcomes not confirmed,,,,Do not clean unless metadata/access issue is resolved.
RCTC-07055,"Engaging Stakeholders in Building Patient-Centered, N-of-1 Randomized and Other Controlled Trial Methods [Methods Study], New York, 2014-2019 Version 1",10.3886/icpsr39585.v1,ICPSR Harvested Dataverse,0,0,0,0,0,fail_or_unclear,pass,pass,no,unclear_or_fail,unclear_or_fail,unclear_or_fail,not_qualified_before_cleaning,no data file downloaded; license/restriction check not clean; participant-level rows not confirmed; treatment/group assignment not confirmed; outcomes not confirmed,,,,Do not clean unless metadata/access issue is resolved.
RCTC-07052,Extending the Analysis of Nurse Family Partnership on Maternal and Child Mortality,10.3886/e108425,ICPSR Harvested Dataverse,0,0,0,0,0,fail_or_unclear,pass,pass,no,unclear_or_fail,unclear_or_fail,unclear_or_fail,not_qualified_before_cleaning,no data file downloaded; license/restriction check not clean; participant-level rows not confirmed; treatment/group assignment not confirmed; outcomes not confirmed,,,,Do not clean unless metadata/access issue is resolved.
RCTC-07053,Extending the Analysis of Nurse Family Partnership on Maternal and Child Mortality,10.3886/e108425v1,ICPSR Harvested Dataverse,0,0,0,0,0,fail_or_unclear,pass,pass,no,unclear_or_fail,unclear_or_fail,unclear_or_fail,not_qualified_before_cleaning,no data file downloaded; license/restriction check not clean; participant-level rows not confirmed; treatment/group assignment not confirmed; outcomes not confirmed,,,,Do not clean unless metadata/access issue is resolved.
RCTC-06975,Improving Children's Understanding of Mathematical Equivalence: An Efficacy Study,10.3886/e182542v1,ICPSR Harvested Dataverse,0,0,0,0,0,fail_or_unclear,pass,pass,no,unclear_or_fail,unclear_or_fail,unclear_or_fail,not_qualified_before_cleaning,no data file downloaded; license/restriction check not clean; participant-level rows not confirmed; treatment/group assignment not confirmed; outcomes not confirmed,,,,Do not clean unless metadata/access issue is resolved.
RCTC-06889,Increasing Community College Completion Rates among Low-Income Students: Evidence from a Randomized Controlled Trial Evaluation of a Case Management Intervention,10.3886/e120838v1,ICPSR Harvested Dataverse,0,0,0,0,0,fail_or_unclear,pass,pass,no,unclear_or_fail,unclear_or_fail,unclear_or_fail,not_qualified_before_cleaning,no data file downloaded; license/restriction check not clean; participant-level rows not confirmed; treatment/group assignment not confirmed; outcomes not confirmed,,,,Do not clean unless metadata/access issue is resolved.
RCTC-07273,"Memphis New Mothers Study, 1990-1994 Version 3",10.3886/icpsr06782.v3,ICPSR Harvested Dataverse,0,0,0,0,0,fail_or_unclear,pass,pass,no,unclear_or_fail,unclear_or_fail,unclear_or_fail,not_qualified_before_cleaning,no data file downloaded; license/restriction check not clean; participant-level rows not confirmed; treatment/group assignment not confirmed; outcomes not confirmed,,,,Do not clean unless metadata/access issue is resolved.
RCTC-06972,PODER Familiar: Health Promotion for Latino Families of Children With IDD (PODER),10.3886/e233931v1,ICPSR Harvested Dataverse,0,0,0,0,0,fail_or_unclear,pass,pass,no,unclear_or_fail,unclear_or_fail,unclear_or_fail,not_qualified_before_cleaning,no data file downloaded; license/restriction check not clean; participant-level rows not confirmed; treatment/group assignment not confirmed; outcomes not confirmed,,,,Do not clean unless metadata/access issue is resolved.
RCTC-06973,PRESCHOOL FIRST STEP TO SUCCESS: AN EFFICACY REPLICATION STUDY,10.3886/e194849v1,ICPSR Harvested Dataverse,0,0,0,0,0,fail_or_unclear,pass,pass,no,unclear_or_fail,unclear_or_fail,unclear_or_fail,not_qualified_before_cleaning,no data file downloaded; license/restriction check not clean; participant-level rows not confirmed; treatment/group assignment not confirmed; outcomes not confirmed,,,,Do not clean unless metadata/access issue is resolved.
RCTC-07004,Power To Quit I,10.3886/e165321v1,ICPSR Harvested Dataverse,0,0,0,0,0,fail_or_unclear,pass,pass,no,unclear_or_fail,unclear_or_fail,unclear_or_fail,not_qualified_before_cleaning,no data file downloaded; license/restriction check not clean; participant-level rows not confirmed; treatment/group assignment not confirmed; outcomes not confirmed,,,,Do not clean unless metadata/access issue is resolved.
RCTC-07231,Replication data for: Incentives and Services for College Achievement: Evidence from a Randomized Trial,10.3886/e116327v1-102560,ICPSR Harvested Dataverse,0,0,0,0,0,fail_or_unclear,pass,pass,no,unclear_or_fail,unclear_or_fail,unclear_or_fail,not_qualified_before_cleaning,no data file downloaded; license/restriction check not clean; participant-level rows not confirmed; treatment/group assignment not confirmed; outcomes not confirmed,,,,Do not clean unless metadata/access issue is resolved.
RCTC-06961,Risk of Bias Assessment in the PTSD Repository,10.3886/e238615,ICPSR Harvested Dataverse,0,0,0,0,0,fail_or_unclear,pass,pass,no,unclear_or_fail,unclear_or_fail,unclear_or_fail,not_qualified_before_cleaning,no data file downloaded; license/restriction check not clean; participant-level rows not confirmed; treatment/group assignment not confirmed; outcomes not confirmed,,,,Do not clean unless metadata/access issue is resolved.
RCTC-06962,Risk of Bias Assessment in the PTSD Repository,10.3886/e238615v1,ICPSR Harvested Dataverse,0,0,0,0,0,fail_or_unclear,pass,pass,no,unclear_or_fail,unclear_or_fail,unclear_or_fail,not_qualified_before_cleaning,no data file downloaded; license/restriction check not clean; participant-level rows not confirmed; treatment/group assignment not confirmed; outcomes not confirmed,,,,Do not clean unless metadata/access issue is resolved.
RCTC-07069,"The National Study of Learning Mindsets, [United States], 2015-2016 Version 2",10.3886/icpsr37353.v2,ICPSR Harvested Dataverse,0,0,0,0,0,fail_or_unclear,pass,pass,no,unclear_or_fail,unclear_or_fail,unclear_or_fail,not_qualified_before_cleaning,no data file downloaded; license/restriction check not clean; participant-level rows not confirmed; treatment/group assignment not confirmed; outcomes not confirmed,,,,Do not clean unless metadata/access issue is resolved.
RCTC-06989,The Value of MOOC Certificates versus Traditional Credentials and Experience: Data and Analysis Files,10.3886/e130725v1,ICPSR Harvested Dataverse,0,0,0,0,0,fail_or_unclear,pass,pass,no,unclear_or_fail,unclear_or_fail,unclear_or_fail,not_qualified_before_cleaning,no data file downloaded; license/restriction check not clean; participant-level rows not confirmed; treatment/group assignment not confirmed; outcomes not confirmed,,,,Do not clean unless metadata/access issue is resolved.
RCTC-06990,The Value of MOOC Certificates versus Traditional Credentials and Experience: Data and Analysis Files,10.3886/e130725,ICPSR Harvested Dataverse,0,0,0,0,0,fail_or_unclear,pass,pass,no,unclear_or_fail,unclear_or_fail,unclear_or_fail,not_qualified_before_cleaning,no data file downloaded; license/restriction check not clean; participant-level rows not confirmed; treatment/group assignment not confirmed; outcomes not confirmed,,,,Do not clean unless metadata/access issue is resolved.
RCTC-06946,Who has been studied in PTSD clinical trials?,10.3886/e245213v1,ICPSR Harvested Dataverse,0,0,0,0,0,fail_or_unclear,pass,pass,no,unclear_or_fail,unclear_or_fail,unclear_or_fail,not_qualified_before_cleaning,no data file downloaded; license/restriction check not clean; participant-level rows not confirmed; treatment/group assignment not confirmed; outcomes not confirmed,,,,Do not clean unless metadata/access issue is resolved.
RCTC-06947,Who has been studied in PTSD clinical trials?,10.3886/e245213,ICPSR Harvested Dataverse,0,0,0,0,0,fail_or_unclear,pass,pass,no,unclear_or_fail,unclear_or_fail,unclear_or_fail,not_qualified_before_cleaning,no data file downloaded; license/restriction check not clean; participant-level rows not confirmed; treatment/group assignment not confirmed; outcomes not confirmed,,,,Do not clean unless metadata/access issue is resolved.
RCTC-06790,"Reaching end users (REU) socioeconomic endline survey 2009, Mozambique",10.7910/dvn/rn40sp,IFPRI Dataverse,36,0,0,0,36,fail_or_unclear,pass,unclear_or_fail,no,pass,pass,pass,not_qualified_before_cleaning,license/restriction check not clean; individual randomization not confirmed by metadata,SES09_Q1_A_Identification.tab:delimited rows>=990 cols=12 | SES09_Q1_B_Composition.tab:delimited rows>=1000 cols=16 | SES09_Q1_C_Composition.tab:delimited rows>=1000 cols=15 | SES09_Q1_D1_Composition.tab:delimited rows>=1000 cols=13 | SES09_Q1_D2_Composition.tab:delimited rows>=723 cols=15 | SES09_Q1_E_Composition.tab:delimited rows>=1000 cols=17,group | group | group | group,codigo | codigo | codigo | codigo,Do not clean unless metadata/access issue is resolved.
RCTC-06852,Impact of mobile message reminders on tuberculosis treatment outcomes in Pakistan,10.7910/dvn/tpraot,Impact Evaluation Dataverse,7,0,0,0,6,fail_or_unclear,pass,pass,no,pass,pass,pass,not_qualified_before_cleaning,license/restriction check not clean,secondaryoutcomedata_3ie.tab:delimited rows>=1000 cols=82 | Secondary Outcomes data Codebook_3IE.xlsx:Sheet1 rows>=86 cols=4 | Treatment Outcomes and Baseline Data Codebook_3IE.xlsx:Sheet1 rows>=175 cols=4 | txoutcomeandbaselinedata_3ie.tab:delimited rows>=1000 cols=162 | zindagisystemresponsedata_3ie.tab:delimited rows>=1000 cols=21 | Zindagi System Response data Codebook_3IE.xlsx:Sheet1 rows>=20 cols=3,treatsupp; hhtreatsupp; daysfirsttreat,outcome | selfoutcome; outcome; primary; secondary | resprate; twowkresprate,Do not clean unless metadata/access issue is resolved.
RCTC-03855,Dataset for: Homa Bay preschooler caregiver Survey-data,10.21223/kjy3xi,International Potato Center,0,0,0,0,0,fail_or_unclear,pass,pass,no,unclear_or_fail,unclear_or_fail,unclear_or_fail,not_qualified_before_cleaning,no data file downloaded; license/restriction check not clean; participant-level rows not confirmed; treatment/group assignment not confirmed; outcomes not confirmed,,,,Do not clean unless metadata/access issue is resolved.
RCTC-04385,"Additional file 1: of Comparison of intraoperative handling and wound healing between (NEOSORBÂŽ plus) and coated polyglactin 910 suture (NEOSORBÂŽ): a prospective, single-blind, randomized controlled trial",10.6084/m9.figshare.6789515.v1,figshare,0,0,0,0,0,pass,pass,pass,no,unclear_or_fail,unclear_or_fail,unclear_or_fail,not_qualified_before_cleaning,no data file downloaded; participant-level rows not confirmed; treatment/group assignment not confirmed; outcomes not confirmed,,,,Do not clean unless metadata/access issue is resolved.
RCTC-03313,"Laryngeal mask vs. laryngeal tube trial in pediatric patients (LaMaTuPe): a single-blinded, open-label, randomized controlled trial [data]",10.11588/data/j7zitw,heiDATA,1,0,0,0,3,fail_or_unclear,pass,pass,no,pass,pass,pass,not_qualified_before_cleaning,license/restriction check not clean,Anonymised_Data_LaMaTuPe_2024-01-23.xlsx:Datensatz LaMaTuPe rows>=254 cols=79 | Anonymised_Data_LaMaTuPe_2024-01-23.xlsx:Legende SPSS rows>=26 cols=8 | Anonymised_Data_LaMaTuPe_2024-01-23.xlsx:Glossar rows>=86 cols=17,Studienarm,Komplikationen postop; postop. Schmerztherapie; Schmerzen Mund-Rachenraum postop,Do not clean unless metadata/access issue is resolved.
RCTC-06813,"Replication Data for: ""Network threats to causal inference: Variations in network position by participation in randomized controlled trials""",10.7910/dvn/apdpwh,Douglas Levy - ChooseWell Together 2,1,0,0,0,0,fail_or_unclear,pass,pass,no,unclear_or_fail,unclear_or_fail,unclear_or_fail,not_qualified_before_cleaning,license/restriction check not clean; participant-level rows not confirmed; treatment/group assignment not confirmed; outcomes not confirmed,,,,Do not clean unless metadata/access issue is resolved.
RCTC-07244,Improving Success of Non-Communicable Diseases Mobile Phone Surveys: Results of Two Randomized Trials Testing Interviewer Gender and Message Valence in Bangladesh and Uganda,10.3886/e183511,ICPSR Harvested Dataverse,0,0,0,0,0,fail_or_unclear,pass,pass,no,unclear_or_fail,unclear_or_fail,unclear_or_fail,not_qualified_before_cleaning,no data file downloaded; license/restriction check not clean; participant-level rows not confirmed; treatment/group assignment not confirmed; outcomes not confirmed,,,,Do not clean unless metadata/access issue is resolved.
RCTC-07245,Improving Success of Non-Communicable Diseases Mobile Phone Surveys: Results of Two Randomized Trials Testing Interviewer Gender and Message Valence in Bangladesh and Uganda,10.3886/e183511v1,ICPSR Harvested Dataverse,0,0,0,0,0,fail_or_unclear,pass,pass,no,unclear_or_fail,unclear_or_fail,unclear_or_fail,not_qualified_before_cleaning,no data file downloaded; license/restriction check not clean; participant-level rows not confirmed; treatment/group assignment not confirmed; outcomes not confirmed,,,,Do not clean unless metadata/access issue is resolved.
