Trial_ID,Candidate_ID,variable_name,variable_type,brief_explanation
trial116,RCTC-01557,Treatment,Treatment,Randomized treatment assignment arm.
trial116,RCTC-01557,X_source_id,Baseline covariate,"Baseline covariate, source identifier, or pre-treatment/pre-stress measurement retained for adjustment/provenance."
trial116,RCTC-01557,YP_dass_total_t2,Primary outcome,Primary or primary-like outcome variable constructed from available source data.
trial116,RCTC-01557,YP_delta_dass_total_t2,Primary outcome,Primary or primary-like outcome variable constructed from available source data.
trial116,RCTC-01557,YP_factg_total_t2,Primary outcome,Primary or primary-like outcome variable constructed from available source data.
trial116,RCTC-01557,YP_delta_factg_total_t2,Primary outcome,Primary or primary-like outcome variable constructed from available source data.
trial116,RCTC-01557,YS_dass_total_t1,Secondary outcome,Secondary outcome or supportive follow-up outcome variable.
trial116,RCTC-01557,YS_delta_dass_total_t1,Secondary outcome,Secondary outcome or supportive follow-up outcome variable.
trial116,RCTC-01557,YS_dass_stress_t2,Secondary outcome,Secondary outcome or supportive follow-up outcome variable.
trial116,RCTC-01557,YS_dass_anxiety_t2,Secondary outcome,Secondary outcome or supportive follow-up outcome variable.
trial116,RCTC-01557,YS_dass_depression_t2,Secondary outcome,Secondary outcome or supportive follow-up outcome variable.
trial116,RCTC-01557,X_dass_total_0m,Baseline covariate,"Baseline covariate, source identifier, or pre-treatment/pre-stress measurement retained for adjustment/provenance."
trial116,RCTC-01557,X_factg_total_0m,Baseline covariate,"Baseline covariate, source identifier, or pre-treatment/pre-stress measurement retained for adjustment/provenance."
trial116,RCTC-01557,X_age_years,Baseline covariate,"Baseline covariate, source identifier, or pre-treatment/pre-stress measurement retained for adjustment/provenance."
trial116,RCTC-01557,X_education_code,Baseline covariate,"Baseline covariate, source identifier, or pre-treatment/pre-stress measurement retained for adjustment/provenance."
trial116,RCTC-01557,X_religion_code,Baseline covariate,"Baseline covariate, source identifier, or pre-treatment/pre-stress measurement retained for adjustment/provenance."
trial116,RCTC-01557,X_residence_place_code,Baseline covariate,"Baseline covariate, source identifier, or pre-treatment/pre-stress measurement retained for adjustment/provenance."
trial116,RCTC-01557,X_job_code,Baseline covariate,"Baseline covariate, source identifier, or pre-treatment/pre-stress measurement retained for adjustment/provenance."
trial116,RCTC-01557,X_marital_status_code,Baseline covariate,"Baseline covariate, source identifier, or pre-treatment/pre-stress measurement retained for adjustment/provenance."
trial116,RCTC-01557,X_income_code,Baseline covariate,"Baseline covariate, source identifier, or pre-treatment/pre-stress measurement retained for adjustment/provenance."
trial116,RCTC-01557,X_cancer_diagnosis_code,Baseline covariate,"Baseline covariate, source identifier, or pre-treatment/pre-stress measurement retained for adjustment/provenance."
trial116,RCTC-01557,X_cancer_stage_code,Baseline covariate,"Baseline covariate, source identifier, or pre-treatment/pre-stress measurement retained for adjustment/provenance."
trial116,RCTC-01557,X_treatment_type_code,Baseline covariate,"Baseline covariate, source identifier, or pre-treatment/pre-stress measurement retained for adjustment/provenance."
trial116,RCTC-01557,X_chemotherapy_time,Baseline covariate,"Baseline covariate, source identifier, or pre-treatment/pre-stress measurement retained for adjustment/provenance."
trial116,RCTC-01557,X_regimen_number,Baseline covariate,"Baseline covariate, source identifier, or pre-treatment/pre-stress measurement retained for adjustment/provenance."
trial117,RCTC-02282,Treatment,Treatment,Randomized treatment assignment arm.
trial117,RCTC-02282,X_source_patient_id,Baseline covariate,"Baseline covariate, source identifier, or pre-treatment/pre-stress measurement retained for adjustment/provenance."
trial117,RCTC-02282,YP_delta_mrr_post_pre,Primary outcome,Primary or primary-like outcome variable constructed from available source data.
trial117,RCTC-02282,YP_mrr_post,Primary outcome,Primary or primary-like outcome variable constructed from available source data.
trial117,RCTC-02282,YS_delta_vrr_post_pre,Secondary outcome,Secondary outcome or supportive follow-up outcome variable.
trial117,RCTC-02282,YS_vrr_post,Secondary outcome,Secondary outcome or supportive follow-up outcome variable.
trial117,RCTC-02282,YS_delta_vtv_post_pre,Secondary outcome,Secondary outcome or supportive follow-up outcome variable.
trial117,RCTC-02282,YS_vtv_post,Secondary outcome,Secondary outcome or supportive follow-up outcome variable.
trial117,RCTC-02282,X_mrr_pre,Baseline covariate,"Baseline covariate, source identifier, or pre-treatment/pre-stress measurement retained for adjustment/provenance."
trial117,RCTC-02282,X_vrr_pre,Baseline covariate,"Baseline covariate, source identifier, or pre-treatment/pre-stress measurement retained for adjustment/provenance."
trial117,RCTC-02282,X_vtv_pre,Baseline covariate,"Baseline covariate, source identifier, or pre-treatment/pre-stress measurement retained for adjustment/provenance."
trial117,RCTC-02282,X_repeated_rows_aggregated,Baseline covariate,"Baseline covariate, source identifier, or pre-treatment/pre-stress measurement retained for adjustment/provenance."
trial118,RCTC-05010,Treatment,Treatment,Randomized treatment assignment arm.
trial118,RCTC-05010,X_subject_id,Baseline covariate,"Baseline covariate, source identifier, or pre-treatment/pre-stress measurement retained for adjustment/provenance."
trial118,RCTC-05010,YP_cognitive_composite_180_bd_full_adj,Primary outcome,Primary or primary-like outcome variable constructed from available source data.
trial118,RCTC-05010,YP_cognitive_composite_180_crude_full_adj,Primary outcome,Primary or primary-like outcome variable constructed from available source data.
trial118,RCTC-05010,YP_moca_visit3,Primary outcome,Primary or primary-like outcome variable constructed from available source data.
trial118,RCTC-05010,YP_delta_moca_visit3,Primary outcome,Primary or primary-like outcome variable constructed from available source data.
trial118,RCTC-05010,YS_hamilton_anxiety_visit3,Secondary outcome,Secondary outcome or supportive follow-up outcome variable.
trial118,RCTC-05010,YS_digit_forward_visit3,Secondary outcome,Secondary outcome or supportive follow-up outcome variable.
trial118,RCTC-05010,YS_digit_backward_visit3,Secondary outcome,Secondary outcome or supportive follow-up outcome variable.
trial118,RCTC-05010,YS_tmt1_time_visit3,Secondary outcome,Secondary outcome or supportive follow-up outcome variable.
trial118,RCTC-05010,YS_tmt2_time_visit3,Secondary outcome,Secondary outcome or supportive follow-up outcome variable.
trial118,RCTC-05010,X_age_years,Baseline covariate,"Baseline covariate, source identifier, or pre-treatment/pre-stress measurement retained for adjustment/provenance."
trial118,RCTC-05010,X_sex_code,Baseline covariate,"Baseline covariate, source identifier, or pre-treatment/pre-stress measurement retained for adjustment/provenance."
trial118,RCTC-05010,X_moca_0m,Baseline covariate,"Baseline covariate, source identifier, or pre-treatment/pre-stress measurement retained for adjustment/provenance."
trial118,RCTC-05010,X_psi_digit_symbol_0m,Baseline covariate,"Baseline covariate, source identifier, or pre-treatment/pre-stress measurement retained for adjustment/provenance."
trial118,RCTC-05010,X_psi_symbol_search_correct_0m,Baseline covariate,"Baseline covariate, source identifier, or pre-treatment/pre-stress measurement retained for adjustment/provenance."
trial118,RCTC-05010,X_psi_symbol_search_incorrect_0m,Baseline covariate,"Baseline covariate, source identifier, or pre-treatment/pre-stress measurement retained for adjustment/provenance."
trial118,RCTC-05010,X_digit_forward_0m,Baseline covariate,"Baseline covariate, source identifier, or pre-treatment/pre-stress measurement retained for adjustment/provenance."
trial118,RCTC-05010,X_digit_backward_0m,Baseline covariate,"Baseline covariate, source identifier, or pre-treatment/pre-stress measurement retained for adjustment/provenance."
trial118,RCTC-05010,X_hamilton_anxiety_0m,Baseline covariate,"Baseline covariate, source identifier, or pre-treatment/pre-stress measurement retained for adjustment/provenance."
trial118,RCTC-05010,X_tmt1_time_0m,Baseline covariate,"Baseline covariate, source identifier, or pre-treatment/pre-stress measurement retained for adjustment/provenance."
trial118,RCTC-05010,X_tmt2_time_0m,Baseline covariate,"Baseline covariate, source identifier, or pre-treatment/pre-stress measurement retained for adjustment/provenance."
trial119,RCTC-02127,Treatment,Treatment,Randomized treatment assignment arm.
trial119,RCTC-02127,X_source_record_id,Baseline covariate,"Baseline covariate, source identifier, or pre-treatment/pre-stress measurement retained for adjustment/provenance."
trial119,RCTC-02127,YP_pain_score,Primary outcome,Primary or primary-like outcome variable constructed from available source data.
trial119,RCTC-02127,YS_procedure_duration_min,Secondary outcome,Secondary outcome or supportive follow-up outcome variable.
trial119,RCTC-02127,YS_conversion,Secondary outcome,Secondary outcome or supportive follow-up outcome variable.
trial119,RCTC-02127,YS_postoperative_symptoms,Secondary outcome,Secondary outcome or supportive follow-up outcome variable.
trial119,RCTC-02127,YS_postoperative_complication,Secondary outcome,Secondary outcome or supportive follow-up outcome variable.
trial119,RCTC-02127,YS_postoperative_bleeding,Secondary outcome,Secondary outcome or supportive follow-up outcome variable.
trial119,RCTC-02127,YS_glycine_or_ns_deficit,Secondary outcome,Secondary outcome or supportive follow-up outcome variable.
trial119,RCTC-02127,YS_fentanyl_total,Secondary outcome,Secondary outcome or supportive follow-up outcome variable.
trial119,RCTC-02127,YS_versed_total,Secondary outcome,Secondary outcome or supportive follow-up outcome variable.
trial119,RCTC-02127,X_age_years,Baseline covariate,"Baseline covariate, source identifier, or pre-treatment/pre-stress measurement retained for adjustment/provenance."
trial119,RCTC-02127,X_height_cm,Baseline covariate,"Baseline covariate, source identifier, or pre-treatment/pre-stress measurement retained for adjustment/provenance."
trial119,RCTC-02127,X_weight_kg,Baseline covariate,"Baseline covariate, source identifier, or pre-treatment/pre-stress measurement retained for adjustment/provenance."
trial119,RCTC-02127,X_bmi,Baseline covariate,"Baseline covariate, source identifier, or pre-treatment/pre-stress measurement retained for adjustment/provenance."
trial119,RCTC-02127,X_education_code,Baseline covariate,"Baseline covariate, source identifier, or pre-treatment/pre-stress measurement retained for adjustment/provenance."
trial119,RCTC-02127,X_marital_status_code,Baseline covariate,"Baseline covariate, source identifier, or pre-treatment/pre-stress measurement retained for adjustment/provenance."
trial119,RCTC-02127,X_prior_csection,Baseline covariate,"Baseline covariate, source identifier, or pre-treatment/pre-stress measurement retained for adjustment/provenance."
trial119,RCTC-02127,X_smoking,Baseline covariate,"Baseline covariate, source identifier, or pre-treatment/pre-stress measurement retained for adjustment/provenance."
trial119,RCTC-02127,X_infertility,Baseline covariate,"Baseline covariate, source identifier, or pre-treatment/pre-stress measurement retained for adjustment/provenance."
trial119,RCTC-02127,X_prior_hysteroscopy,Baseline covariate,"Baseline covariate, source identifier, or pre-treatment/pre-stress measurement retained for adjustment/provenance."
trial119,RCTC-02127,X_gynecologic_pain,Baseline covariate,"Baseline covariate, source identifier, or pre-treatment/pre-stress measurement retained for adjustment/provenance."
trial119,RCTC-02127,X_chronic_pain,Baseline covariate,"Baseline covariate, source identifier, or pre-treatment/pre-stress measurement retained for adjustment/provenance."
trial119,RCTC-02127,X_sexual_partner,Baseline covariate,"Baseline covariate, source identifier, or pre-treatment/pre-stress measurement retained for adjustment/provenance."
trial119,RCTC-02127,X_contraception_code,Baseline covariate,"Baseline covariate, source identifier, or pre-treatment/pre-stress measurement retained for adjustment/provenance."
trial120,RCTC-04923,Treatment,Treatment,Randomized treatment assignment arm.
trial120,RCTC-04923,X_source_subject_id,Baseline covariate,"Baseline covariate, source identifier, or pre-treatment/pre-stress measurement retained for adjustment/provenance."
trial120,RCTC-04923,YP_progression_free_survival_months,Primary outcome,Primary or primary-like outcome variable constructed from available source data.
trial120,RCTC-04923,YP_pfs_event,Primary outcome,Primary or primary-like outcome variable constructed from available source data.
trial120,RCTC-04923,YS_overall_survival_months,Secondary outcome,Secondary outcome or supportive follow-up outcome variable.
trial120,RCTC-04923,YS_overall_survival_event,Secondary outcome,Secondary outcome or supportive follow-up outcome variable.
trial120,RCTC-04923,X_melanoma_stage,Baseline covariate,"Baseline covariate, source identifier, or pre-treatment/pre-stress measurement retained for adjustment/provenance."
trial121,RCTC-04272,Treatment,Treatment,Randomized treatment assignment arm.
trial121,RCTC-04272,X_source_subject_id,Baseline covariate,"Baseline covariate, source identifier, or pre-treatment/pre-stress measurement retained for adjustment/provenance."
trial121,RCTC-04272,YP_subjective_stress_overall,Primary outcome,Primary or primary-like outcome variable constructed from available source data.
trial121,RCTC-04272,YS_cortisol_auc_i_log_em,Secondary outcome,Secondary outcome or supportive follow-up outcome variable.
trial121,RCTC-04272,YS_cortisol_log_25min_post_tsst,Secondary outcome,Secondary outcome or supportive follow-up outcome variable.
trial121,RCTC-04272,YS_cortisol_log_35min_post_tsst,Secondary outcome,Secondary outcome or supportive follow-up outcome variable.
trial121,RCTC-04272,YS_dbp_tsst_performance,Secondary outcome,Secondary outcome or supportive follow-up outcome variable.
trial121,RCTC-04272,YS_sbp_tsst_performance,Secondary outcome,Secondary outcome or supportive follow-up outcome variable.
trial121,RCTC-04272,X_cortisol_log_prestress_0d,Baseline covariate,"Baseline covariate, source identifier, or pre-treatment/pre-stress measurement retained for adjustment/provenance."
trial121,RCTC-04272,X_dbp_prestress_0d,Baseline covariate,"Baseline covariate, source identifier, or pre-treatment/pre-stress measurement retained for adjustment/provenance."
trial121,RCTC-04272,X_sbp_prestress_0d,Baseline covariate,"Baseline covariate, source identifier, or pre-treatment/pre-stress measurement retained for adjustment/provenance."
trial121,RCTC-04272,X_age_years,Baseline covariate,"Baseline covariate, source identifier, or pre-treatment/pre-stress measurement retained for adjustment/provenance."
trial121,RCTC-04272,X_sex,Baseline covariate,"Baseline covariate, source identifier, or pre-treatment/pre-stress measurement retained for adjustment/provenance."
trial121,RCTC-04272,X_race,Baseline covariate,"Baseline covariate, source identifier, or pre-treatment/pre-stress measurement retained for adjustment/provenance."
trial121,RCTC-04272,X_ethnicity_code,Baseline covariate,"Baseline covariate, source identifier, or pre-treatment/pre-stress measurement retained for adjustment/provenance."
trial121,RCTC-04272,X_education_code,Baseline covariate,"Baseline covariate, source identifier, or pre-treatment/pre-stress measurement retained for adjustment/provenance."
trial121,RCTC-04272,X_bmi,Baseline covariate,"Baseline covariate, source identifier, or pre-treatment/pre-stress measurement retained for adjustment/provenance."
trial121,RCTC-04272,X_lessons_completed,Baseline covariate,"Baseline covariate, source identifier, or pre-treatment/pre-stress measurement retained for adjustment/provenance."
trial121,RCTC-04272,X_days_intervention_end_to_post,Baseline covariate,"Baseline covariate, source identifier, or pre-treatment/pre-stress measurement retained for adjustment/provenance."
trial121,RCTC-04272,X_follicular_phase_post,Baseline covariate,"Baseline covariate, source identifier, or pre-treatment/pre-stress measurement retained for adjustment/provenance."
