Trial_ID,Trial Number/Name,Paper Name,Journal,Paper Link,Publication Year,# of Arm,Control Group,Study Phase,Sample Size,Priamry Outcome,Primary Outcome Type,Trial Success(Primary Outcome Significant),Statistical Model,Randomization Scheme,Randomization Scheme(High Level),Research Area,Text Data,Citation
trial87,Comparison of hemodynamic response to tracheal intubation and postoperative pain in closed reduction of nasal bone fracture,Comparison of hemodynamic response to tracheal intubation and postoperative pain in closed reduction of nasal bone fracture,BMC Anesthesiology,https://doi.org/10.1186/s12871-016-0279-x,2016,2,Fentanyl,Not applicable / not reported,64,Hemodynamic response after intubation and postoperative pain NRS/VAS in PACU,continuous,Mixed: pain significant; hemodynamic deltas not significant,"Independent group comparisons; table reports means, medians, counts","Individually randomized, parallel two-arm",Individual randomization,Anesthesiology,No,Comparison of hemodynamic response to tracheal intubation and postoperative pain in closed reduction of nasal bone fracture. BMC Anesthesiology (2016). doi:10.1186/s12871-016-0279-x
trial88,Effects of nutrition education on recurrent coronary events after PCI,Effects of nutrition education on recurrent coronary events after PCI,BMC Nutrition,https://doi.org/10.1186/s40795-016-0111-5,2016,2,Control,Not applicable / not reported,200,Mortality after one-year follow-up,binary event,No,Absolute risk reduction and Cox models in publication,"Individually randomized, parallel two-arm",Individual randomization,Cardiology / nutrition,No,Effects of nutrition education on recurrent coronary events after PCI. BMC Nutrition (2016). doi:10.1186/s40795-016-0111-5
trial89,Acupuncture and nimodipine for mild cognitive impairment after cerebral infarction,Acupuncture and nimodipine for mild cognitive impairment after cerebral infarction,BMC Complementary and Alternative Medicine,https://doi.org/10.1186/s12906-016-1337-0,2016,3,Nimodipine alone,Not applicable / not reported,119,Montreal Cognitive Assessment score after three-month therapy,continuous,Yes,Within- and between-group MoCA comparisons,"Individually randomized, parallel three-arm",Individual randomization,Neurology / complementary medicine,No,Acupuncture and nimodipine for mild cognitive impairment after cerebral infarction. BMC Complementary and Alternative Medicine (2016). doi:10.1186/s12906-016-1337-0
trial90,Community pharmacist-led medication review in patients on polypharmacy,Community pharmacist-led medication review in patients on polypharmacy,BMC Health Services Research,https://doi.org/10.1186/s12913-016-1384-8,2016,2,Control,Not applicable / not reported,293,Objective adherence by MPR and DPPR,continuous percentage,No,Independent group comparisons of adherence summaries,"Individually randomized, parallel two-arm",Individual randomization,Pharmacy / health services,No,Community pharmacist-led medication review in patients on polypharmacy. BMC Health Services Research (2016). doi:10.1186/s12913-016-1384-8
trial91,MOVE-trial: Monocryl vs Vicryl Rapide for skin repair in mediolateral episiotomies,MOVE-trial: Monocryl vs Vicryl Rapide for skin repair in mediolateral episiotomies,BMC Pregnancy and Childbirth,https://doi.org/10.1186/s12884-017-1545-8,2017,2,Vicryl Rapide,Not applicable / not reported,245,VAS pain while sitting at 10 days,continuous,No,Independent group comparisons of VAS and wound outcomes,"Individually randomized, parallel two-arm",Individual randomization,Obstetrics,No,MOVE-trial: Monocryl vs Vicryl Rapide for skin repair in mediolateral episiotomies. BMC Pregnancy and Childbirth (2017). doi:10.1186/s12884-017-1545-8
trial92,Health education intervention to improve malaria preventive practices in pregnancy,Health education intervention to improve malaria preventive practices in pregnancy,Malaria Journal,https://doi.org/10.1186/s12936-021-03586-5,2021,2,Control,Not applicable / not reported,371,Reported ITN use and IPTp doses four months post-intervention,ordinal categorical,Yes,Chi-squared tests for practice and clinical outcomes,"Individually randomized, parallel two-arm",Individual randomization,Malaria prevention / pregnancy,No,Health education intervention to improve malaria preventive practices in pregnancy. Malaria Journal (2021). doi:10.1186/s12936-021-03586-5
trial93,Impact of text message reminders on adherence to antimalarial treatment,Impact of text message reminders on adherence to antimalarial treatment,PLOS ONE,https://doi.org/10.1371/journal.pone.0109032,2014,3,Control,Not applicable / not reported,1140,Self-reported completion of ACT antimalarial treatment,binary self-report,Yes,Logistic regression with clustered standard errors,"Individually randomized SMS assignment, three trial groups",Individual randomization,Malaria treatment adherence,No,Impact of text message reminders on adherence to antimalarial treatment. PLOS ONE (2014). doi:10.1371/journal.pone.0109032
trial94,Daily SMS medication reminder system and tuberculosis treatment outcomes in Pakistan,Daily SMS medication reminder system and tuberculosis treatment outcomes in Pakistan,PLOS ONE,https://doi.org/10.1371/journal.pone.0162944,2016,2,Control,Not applicable / not reported,2207,Clinically recorded tuberculosis treatment success,binary clinical outcome,No,Group comparison and regression in publication,"Individually randomized, parallel two-arm",Individual randomization,Tuberculosis treatment adherence,No,Daily SMS medication reminder system and tuberculosis treatment outcomes in Pakistan. PLOS ONE (2016). doi:10.1371/journal.pone.0162944
trial95,LaMaTuPe: laryngeal mask vs laryngeal tube in pediatric patients,LaMaTuPe: laryngeal mask vs laryngeal tube in pediatric patients,European Journal of Emergency Medicine,https://doi.org/10.1097/MEJ.0000000000001178,2025,2,Laryngeal mask,Not applicable / not reported,148,Insertion time in seconds,continuous time,Yes,Mann-Whitney U test; medians and IQR,"Individually randomized, parallel two-arm by age blocks",Individual randomization,Pediatric anesthesia / emergency airway,No,LaMaTuPe: laryngeal mask vs laryngeal tube in pediatric patients. European Journal of Emergency Medicine (2025). doi:10.1097/MEJ.0000000000001178
